id_motorista,distancia_percorrida_km,qtd_banguela,qtd_curvas,qtd_aceleracoes,qtd_frenagens,qtd_vel_faixa_1,qtd_vel_faixa_2,qtd_vel_faixa_3,tempo_vel_faixa_1,tempo_vel_faixa_2,tempo_vel_faixa_3,qtd_vel_via_faixa_1,qtd_vel_via_faixa_2,qtd_vel_via_faixa_3,tempo_vel_via_faixa_1,tempo_vel_via_faixa_2,tempo_vel_via_faixa_3,qtd_manuseio_celular,qtd_fadiga_motorista,qtd_distracao_motorista,qtd_uso_cigarro,score_geral,rank
380254.0,715.996,1.0,0.0,0.0,0.0,0.0,0.0,0.0,0.0,0.0,0.0,1.0,1.0,5.0,0.0,1030.0,3848.0,0.0,0.0,0.0,0.0,74.9876977585316,regular
394805.0,1455.529,0.0,0.0,0.0,0.0,0.0,0.0,0.0,0.0,0.0,0.0,0.0,0.0,0.0,0.0,0.0,0.0,0.0,0.0,0.0,0.0,100.0,otimo
394806.0,2081.978,2.0,0.0,0.0,0.0,0.0,0.0,0.0,0.0,0.0,0.0,0.0,0.0,0.0,0.0,0.0,0.0,0.0,0.0,0.0,0.0,99.97735744662349,otimo
394807.0,3210.916,0.0,0.0,0.0,0.0,0.0,1.0,0.0,0.0,6.0,0.0,0.0,0.0,0.0,0.0,0.0,0.0,0.0,0.0,0.0,0.0,99.9742320174913,otimo
394808.0,2617.744,0.0,0.0,0.0,0.0,0.0,0.0,0.0,0.0,0.0,0.0,0.0,0.0,0.0,0.0,0.0,0.0,0.0,0.0,0.0,0.0,100.0,otimo
394809.0,1142.8439999999998,0.0,0.0,0.0,0.0,0.0,0.0,0.0,0.0,0.0,0.0,0.0,0.0,0.0,0.0,0.0,0.0,0.0,0.0,0.0,0.0,100.0,otimo
394811.0,1432.0990000000002,0.0,0.0,0.0,0.0,0.0,0.0,0.0,0.0,0.0,0.0,0.0,0.0,0.0,0.0,0.0,0.0,0.0,0.0,0.0,0.0,100.0,otimo
394812.0,1356.6910000000003,2.0,0.0,0.0,0.0,0.0,0.0,0.0,0.0,0.0,0.0,0.0,0.0,0.0,0.0,0.0,0.0,0.0,0.0,0.0,0.0,99.83000878002527,otimo
394813.0,2006.293,0.0,0.0,0.0,0.0,0.0,0.0,0.0,0.0,0.0,0.0,0.0,0.0,0.0,0.0,0.0,0.0,0.0,0.0,0.0,0.0,100.0,otimo
394814.0,2160.127,0.0,0.0,0.0,0.0,0.0,0.0,0.0,0.0,0.0,0.0,0.0,0.0,0.0,0.0,0.0,0.0,0.0,0.0,0.0,0.0,100.0,otimo
394816.0,1898.668,7.0,0.0,0.0,0.0,0.0,0.0,0.0,0.0,0.0,0.0,0.0,0.0,0.0,0.0,0.0,0.0,0.0,0.0,0.0,0.0,99.77088550446187,otimo
394817.0,1684.38,0.0,0.0,0.0,0.0,0.0,0.0,0.0,0.0,0.0,0.0,0.0,0.0,0.0,0.0,0.0,0.0,0.0,0.0,0.0,0.0,100.0,otimo
394821.0,1189.7250000000001,0.0,48.0,0.0,0.0,0.0,0.0,0.0,0.0,0.0,0.0,0.0,0.0,0.0,0.0,0.0,0.0,0.0,0.0,0.0,0.0,88.41057212586084,bom
394822.0,760.315,0.0,0.0,0.0,0.0,0.0,0.0,0.0,0.0,0.0,0.0,0.0,0.0,0.0,0.0,0.0,0.0,0.0,0.0,0.0,0.0,100.0,otimo
394823.0,333.63000000000005,0.0,7.0,0.0,0.0,0.0,0.0,0.0,0.0,0.0,0.0,0.0,0.0,0.0,0.0,0.0,0.0,0.0,0.0,0.0,0.0,92.73949255150214,otimo
394824.0,456.828,0.0,3.0,2.0,1.0,0.0,0.0,0.0,0.0,0.0,0.0,0.0,0.0,0.0,0.0,0.0,0.0,0.0,0.0,0.0,0.0,92.82594552777023,otimo
394825.0,1473.793,0.0,0.0,0.0,0.0,1.0,0.0,0.0,5.0,0.0,0.0,0.0,0.0,0.0,0.0,0.0,0.0,0.0,0.0,0.0,0.0,99.97699696267895,otimo
394827.0,787.477,0.0,0.0,0.0,0.0,0.0,0.0,0.0,0.0,0.0,0.0,0.0,0.0,0.0,0.0,0.0,0.0,0.0,0.0,0.0,0.0,100.0,otimo
394829.0,1821.01,9.0,2.0,0.0,0.0,0.0,0.0,0.0,0.0,0.0,0.0,0.0,0.0,0.0,0.0,0.0,0.0,0.0,0.0,0.0,0.0,99.309551216783,otimo
394831.0,1144.367,0.0,0.0,10.0,4.0,0.0,0.0,0.0,0.0,0.0,0.0,0.0,0.0,0.0,0.0,0.0,0.0,0.0,0.0,0.0,0.0,92.80171162665125,otimo
394832.0,1657.2479999999998,1092.0,0.0,0.0,0.0,0.0,0.0,0.0,0.0,0.0,0.0,0.0,0.0,0.0,0.0,0.0,0.0,0.0,0.0,0.0,0.0,80.0,bom
394833.0,1943.6240000000003,30.0,0.0,0.0,0.0,0.0,0.0,0.0,0.0,0.0,0.0,0.0,0.0,0.0,0.0,0.0,0.0,0.0,0.0,0.0,0.0,98.84934094606992,otimo
394835.0,1911.28,1.0,0.0,0.0,0.0,0.0,1.0,0.0,0.0,9.0,0.0,0.0,0.0,0.0,0.0,0.0,0.0,0.0,0.0,0.0,0.0,99.90096468423981,otimo
394843.0,1970.9399999999994,2.0,33.0,0.0,0.0,1.0,0.0,0.0,8.0,0.0,0.0,0.0,0.0,0.0,0.0,0.0,0.0,0.0,0.0,0.0,0.0,94.31545446620768,otimo
394844.0,1892.891,0.0,0.0,0.0,0.0,0.0,0.0,0.0,0.0,0.0,0.0,0.0,0.0,0.0,0.0,0.0,0.0,0.0,0.0,0.0,0.0,100.0,otimo
394850.0,1611.7020000000002,1.0,2.0,0.0,0.0,0.0,0.0,0.0,0.0,0.0,0.0,0.0,0.0,0.0,0.0,0.0,0.0,0.0,0.0,0.0,0.0,98.98948978724682,otimo
394852.0,1066.3319999999999,1.0,0.0,0.0,0.0,0.0,0.0,0.0,0.0,0.0,0.0,0.0,0.0,0.0,0.0,0.0,0.0,0.0,0.0,0.0,0.0,99.98143652306076,otimo
394853.0,1797.1130000000005,0.0,0.0,0.0,0.0,0.0,0.0,0.0,0.0,0.0,0.0,0.0,0.0,0.0,0.0,0.0,0.0,0.0,0.0,0.0,0.0,100.0,otimo
394854.0,1313.21,0.0,0.0,0.0,0.0,0.0,0.0,0.0,0.0,0.0,0.0,0.0,0.0,0.0,0.0,0.0,0.0,0.0,0.0,0.0,0.0,100.0,otimo
394860.0,58.95,0.0,0.0,0.0,0.0,0.0,0.0,0.0,0.0,0.0,0.0,0.0,0.0,0.0,0.0,0.0,0.0,0.0,0.0,0.0,0.0,100.0,otimo
394861.0,1756.7710000000002,0.0,0.0,0.0,0.0,0.0,0.0,0.0,0.0,0.0,0.0,0.0,0.0,0.0,0.0,0.0,0.0,0.0,0.0,0.0,0.0,100.0,otimo
394869.0,2116.0689999999995,0.0,0.0,0.0,0.0,3.0,0.0,0.0,20.0,0.0,0.0,0.0,0.0,0.0,0.0,0.0,0.0,0.0,0.0,0.0,0.0,99.83387583962772,otimo
394871.0,1363.77,1.0,0.0,0.0,0.0,0.0,0.0,0.0,0.0,0.0,0.0,0.0,0.0,0.0,0.0,0.0,0.0,0.0,0.0,0.0,0.0,99.97905951025429,otimo
394872.0,399.78000000000003,0.0,0.0,0.0,0.0,0.0,0.0,0.0,0.0,0.0,0.0,0.0,0.0,0.0,0.0,0.0,0.0,0.0,0.0,0.0,0.0,100.0,otimo
394873.0,1097.5510000000002,0.0,0.0,0.0,0.0,0.0,0.0,0.0,0.0,0.0,0.0,0.0,0.0,0.0,0.0,0.0,0.0,0.0,0.0,0.0,0.0,100.0,otimo
394876.0,1386.849,0.0,3.0,0.0,0.0,0.0,0.0,0.0,0.0,0.0,0.0,0.0,0.0,0.0,0.0,0.0,0.0,0.0,0.0,0.0,0.0,97.53502011119677,otimo
394878.0,1680.158,0.0,0.0,0.0,0.0,0.0,0.0,0.0,0.0,0.0,0.0,0.0,0.0,0.0,0.0,0.0,0.0,0.0,0.0,0.0,0.0,100.0,otimo
394880.0,1362.38,0.0,1.0,0.0,0.0,0.0,0.0,0.0,0.0,0.0,0.0,0.0,0.0,0.0,0.0,0.0,0.0,0.0,0.0,0.0,0.0,99.13719343404203,otimo
394881.0,2422.2020000000007,0.0,0.0,0.0,0.0,0.0,0.0,0.0,0.0,0.0,0.0,0.0,0.0,0.0,0.0,0.0,0.0,0.0,0.0,0.0,0.0,100.0,otimo
394883.0,1090.0620000000001,0.0,0.0,0.0,0.0,0.0,0.0,0.0,0.0,0.0,0.0,0.0,0.0,0.0,0.0,0.0,0.0,0.0,0.0,0.0,0.0,100.0,otimo
394892.0,1287.1649999999997,0.0,3.0,0.0,0.0,0.0,0.0,0.0,0.0,0.0,0.0,0.0,0.0,0.0,0.0,0.0,0.0,0.0,0.0,0.0,0.0,98.82401648640153,otimo
394894.0,1568.615,1.0,1.0,0.0,0.0,0.0,0.0,0.0,0.0,0.0,0.0,0.0,0.0,0.0,0.0,0.0,0.0,0.0,0.0,0.0,0.0,99.68956898997149,otimo
394904.0,198.81,0.0,2.0,0.0,0.0,0.0,0.0,0.0,0.0,0.0,0.0,0.0,0.0,0.0,0.0,0.0,0.0,0.0,0.0,0.0,0.0,97.09759075231443,otimo
394905.0,685.2109999999999,27.0,1.0,0.0,0.0,0.0,0.0,0.0,0.0,0.0,0.0,0.0,0.0,0.0,0.0,0.0,0.0,0.0,0.0,0.0,0.0,92.70998074826804,otimo
394906.0,2063.336,0.0,2.0,0.0,0.0,0.0,0.0,0.0,0.0,0.0,0.0,0.0,0.0,0.0,0.0,0.0,0.0,0.0,0.0,0.0,0.0,98.92706191865898,otimo
394911.0,1569.516,4.0,0.0,0.0,0.0,1.0,0.0,0.0,5.0,0.0,0.0,0.0,0.0,0.0,0.0,0.0,0.0,0.0,0.0,0.0,0.0,99.92611682617735,otimo
394912.0,1258.068,0.0,1.0,0.0,0.0,4.0,1.0,4.0,137.0,103.0,448.0,0.0,0.0,0.0,0.0,0.0,0.0,0.0,0.0,0.0,0.0,94.98917048835956,otimo
394915.0,1729.78,0.0,0.0,0.0,0.0,0.0,0.0,0.0,0.0,0.0,0.0,0.0,0.0,0.0,0.0,0.0,0.0,0.0,0.0,0.0,0.0,100.0,otimo
394917.0,200.89000000000001,0.0,0.0,0.0,0.0,0.0,0.0,0.0,0.0,0.0,0.0,0.0,0.0,0.0,0.0,0.0,0.0,0.0,0.0,0.0,0.0,100.0,otimo
394919.0,1647.8009999999997,2.0,0.0,0.0,0.0,1.0,0.0,1.0,12.0,0.0,6.0,0.0,0.0,0.0,0.0,0.0,0.0,0.0,0.0,0.0,0.0,99.84325056725964,otimo
394923.0,848.9300000000001,0.0,0.0,0.0,0.0,0.0,0.0,0.0,0.0,0.0,0.0,0.0,0.0,0.0,0.0,0.0,0.0,0.0,0.0,0.0,0.0,100.0,otimo
394925.0,990.3349999999999,0.0,0.0,0.0,0.0,0.0,0.0,0.0,0.0,0.0,0.0,0.0,0.0,0.0,0.0,0.0,0.0,0.0,0.0,0.0,0.0,100.0,otimo
399622.0,130.16,0.0,0.0,0.0,0.0,0.0,0.0,0.0,0.0,0.0,0.0,0.0,0.0,0.0,0.0,0.0,0.0,0.0,0.0,0.0,0.0,100.0,otimo
399624.0,3091.935,0.0,14.0,0.0,0.0,1.0,1.0,1.0,7.0,29.0,13.0,0.0,0.0,0.0,0.0,0.0,0.0,0.0,0.0,0.0,0.0,96.67034143732016,otimo
399712.0,1020.6800000000002,0.0,0.0,0.0,0.0,2.0,0.0,0.0,13.0,0.0,0.0,0.0,0.0,0.0,0.0,0.0,0.0,0.0,0.0,0.0,0.0,99.90099153172955,otimo
399713.0,578.727,0.0,0.0,0.0,0.0,0.0,0.0,0.0,0.0,0.0,0.0,0.0,0.0,0.0,0.0,0.0,0.0,0.0,0.0,0.0,0.0,100.0,otimo
400845.0,1550.423,10.0,0.0,4.0,0.0,12.0,0.0,0.0,63.0,0.0,0.0,62.0,22.0,7.0,530.0,1120.0,0.0,0.0,0.0,0.0,0.0,79.60602906290609,regular
400846.0,279.793,0.0,0.0,1.0,0.0,0.0,0.0,0.0,0.0,0.0,0.0,0.0,0.0,0.0,0.0,0.0,0.0,0.0,0.0,0.0,0.0,98.69565217391305,otimo
400849.0,1693.834,7.0,0.0,13.0,0.0,30.0,3.0,0.0,480.0,401.0,0.0,84.0,59.0,10.0,2716.0,8471.0,1506.0,0.0,0.0,0.0,0.0,70.13304336986303,regular
400852.0,507.09800000000007,0.0,0.0,1.0,0.0,0.0,0.0,0.0,0.0,0.0,0.0,1.0,0.0,0.0,0.0,0.0,0.0,0.0,0.0,0.0,0.0,98.20454967113336,otimo
400853.0,1257.949,2.0,6.0,10.0,1.0,60.0,2.0,0.0,1205.0,195.0,0.0,69.0,8.0,5.0,1076.0,150.0,0.0,0.0,0.0,0.0,0.0,65.1736296262865,regular
400854.0,1666.7400000000002,209.0,0.0,1.0,1.0,29.0,1.0,0.0,195.0,14.0,0.0,180.0,6.0,15.0,10055.0,455.0,266.0,0.0,0.0,0.0,0.0,83.5173844988247,bom
400855.0,1124.5049999999999,12.0,2.0,3.0,20.0,12.0,0.0,0.0,69.0,0.0,0.0,13.0,2.0,0.0,594.0,0.0,0.0,0.0,0.0,0.0,0.0,83.77273531318399,bom
400856.0,1452.824,15.0,0.0,1.0,0.0,18.0,6.0,0.0,1149.0,1305.0,0.0,16.0,18.0,3.0,586.0,1368.0,208.0,0.0,0.0,0.0,0.0,89.23210511078861,bom
400857.0,1545.7890000000004,5.0,0.0,0.0,0.0,28.0,0.0,0.0,139.0,0.0,0.0,15.0,1.0,0.0,0.0,0.0,0.0,0.0,0.0,0.0,0.0,98.79571715069659,otimo
400860.0,1070.7650000000006,0.0,0.0,0.0,1.0,12.0,3.0,0.0,361.0,449.0,0.0,2.0,1.0,1.0,0.0,0.0,0.0,0.0,0.0,0.0,0.0,98.46700915369412,otimo
400861.0,890.246,1.0,0.0,0.0,9.0,4.0,0.0,0.0,33.0,0.0,0.0,3.0,1.0,2.0,0.0,0.0,0.0,0.0,0.0,0.0,0.0,97.68499841543765,otimo
400864.0,900.4659999999999,1.0,2.0,0.0,1.0,37.0,0.0,0.0,271.0,0.0,0.0,2.0,3.0,1.0,146.0,190.0,208.0,0.0,0.0,0.0,0.0,95.61174234093045,otimo
400868.0,1564.052,73.0,0.0,0.0,0.0,76.0,1.0,0.0,624.0,11.0,0.0,8.0,2.0,1.0,0.0,0.0,31.0,0.0,0.0,0.0,0.0,95.06615383913118,otimo
400869.0,286.316,98.0,0.0,1.0,21.0,0.0,0.0,0.0,0.0,0.0,0.0,11.0,0.0,0.0,2280.0,0.0,0.0,0.0,0.0,0.0,0.0,87.66983707168565,bom
400870.0,2046.5300000000004,47.0,0.0,3.0,0.0,124.0,0.0,0.0,1130.0,0.0,0.0,35.0,12.0,8.0,1374.0,1198.0,573.0,0.0,0.0,0.0,0.0,91.22922241379797,otimo
400872.0,3616.4610000000002,1.0,0.0,0.0,0.0,111.0,80.0,1.0,1421.0,7327.0,169.0,56.0,38.0,13.0,1153.0,3667.0,2184.0,0.0,0.0,0.0,0.0,55.37255096225616,ruim
400874.0,1674.7509999999997,4.0,0.0,0.0,0.0,18.0,10.0,0.0,186.0,144.0,0.0,3.0,0.0,0.0,0.0,0.0,0.0,0.0,0.0,0.0,0.0,98.74582226355632,otimo
400875.0,1884.681,29.0,0.0,0.0,0.0,21.0,0.0,0.0,645.0,0.0,0.0,10.0,1.0,2.0,0.0,0.0,0.0,0.0,0.0,0.0,0.0,97.63599774203145,otimo
400876.0,1490.5389999999998,1.0,2.0,1.0,14.0,88.0,3.0,0.0,1271.0,145.0,0.0,12.0,6.0,2.0,115.0,185.0,230.0,0.0,0.0,0.0,0.0,89.79633043836574,bom
400877.0,1740.7960000000003,0.0,9.0,5.0,0.0,19.0,0.0,0.0,143.0,0.0,0.0,7.0,1.0,0.0,0.0,0.0,0.0,0.0,0.0,0.0,0.0,96.49505385350889,otimo
400880.0,2075.665000000001,0.0,0.0,0.0,133.0,52.0,0.0,0.0,282.0,0.0,0.0,43.0,16.0,12.0,457.0,1241.0,850.0,0.0,0.0,0.0,0.0,78.0209363759683,regular
400881.0,2788.419,0.0,0.0,0.0,1.0,334.0,81.0,10.0,3796.0,7296.0,1268.0,85.0,24.0,22.0,2755.0,830.0,2945.0,0.0,0.0,0.0,0.0,55.95380550684802,ruim
400885.0,119.52700000000002,0.0,0.0,0.0,0.0,0.0,0.0,0.0,0.0,0.0,0.0,0.0,0.0,0.0,0.0,0.0,0.0,0.0,0.0,0.0,0.0,100.0,otimo
400887.0,604.6009999999999,0.0,0.0,0.0,0.0,0.0,0.0,0.0,0.0,0.0,0.0,22.0,3.0,3.0,123.0,21.0,0.0,0.0,0.0,0.0,0.0,98.05861735988621,otimo
400893.0,30.644000000000002,0.0,0.0,0.0,0.0,0.0,0.0,0.0,0.0,0.0,0.0,0.0,0.0,0.0,0.0,0.0,0.0,0.0,0.0,0.0,0.0,100.0,otimo
400896.0,16.616,0.0,0.0,0.0,0.0,0.0,0.0,0.0,0.0,0.0,0.0,0.0,0.0,0.0,0.0,0.0,0.0,0.0,0.0,0.0,0.0,100.0,otimo
400898.0,633.751,171.0,0.0,0.0,1.0,26.0,0.0,0.0,170.0,0.0,0.0,2.0,0.0,1.0,104.0,0.0,0.0,0.0,0.0,0.0,0.0,81.16584385758537,bom
400899.0,1849.9279999999997,0.0,0.0,0.0,2.0,608.0,26.0,0.0,25453.0,5805.0,0.0,134.0,1.0,2.0,11559.0,0.0,0.0,0.0,0.0,0.0,0.0,84.72603704075055,bom
400901.0,2195.5689999999995,0.0,0.0,2.0,2.0,278.0,116.0,0.0,15264.0,27839.0,0.0,66.0,53.0,30.0,1311.0,7983.0,4249.0,0.0,0.0,0.0,0.0,79.58663821842218,regular
400902.0,511.924,208.0,0.0,1.0,0.0,7.0,0.0,0.0,51.0,0.0,0.0,0.0,0.0,0.0,0.0,0.0,0.0,0.0,0.0,0.0,0.0,85.07463879271178,bom
400904.0,423.03200000000004,2.0,0.0,0.0,0.0,5.0,1.0,0.0,65.0,49.0,0.0,1.0,3.0,0.0,0.0,0.0,0.0,0.0,0.0,0.0,0.0,97.77233817157605,otimo
400907.0,1674.6319999999998,94.0,0.0,1.0,0.0,161.0,119.0,20.0,5390.0,28356.0,10209.0,22.0,7.0,1.0,208.0,540.0,208.0,0.0,0.0,0.0,0.0,82.30273488538091,bom
400908.0,3616.82,0.0,0.0,0.0,0.0,640.0,140.0,19.0,11812.0,12933.0,3868.0,125.0,19.0,25.0,4464.0,2037.0,3260.0,0.0,0.0,0.0,0.0,55.527234723105266,ruim
400912.0,1246.13,10.0,0.0,0.0,0.0,34.0,0.0,0.0,247.0,0.0,0.0,0.0,1.0,0.0,0.0,0.0,0.0,0.0,0.0,0.0,0.0,98.61130304340746,otimo
400913.0,1752.3989999999997,4.0,0.0,0.0,2.0,56.0,0.0,0.0,232.0,0.0,0.0,28.0,11.0,3.0,645.0,1491.0,104.0,0.0,0.0,0.0,0.0,94.90241101222246,otimo
400914.0,801.5130000000001,0.0,0.0,0.0,3.0,114.0,0.0,0.0,827.0,0.0,0.0,28.0,1.0,1.0,857.0,0.0,104.0,0.0,0.0,0.0,0.0,87.86383867417793,bom
400917.0,872.4960000000001,0.0,0.0,2.0,0.0,0.0,0.0,0.0,0.0,0.0,0.0,6.0,1.0,0.0,0.0,42.0,0.0,0.0,0.0,0.0,0.0,99.16666666666667,otimo
400918.0,1054.258,0.0,0.0,1.0,7.0,229.0,1.0,0.0,7462.0,43.0,0.0,52.0,0.0,7.0,1771.0,0.0,0.0,0.0,0.0,0.0,0.0,82.95074895305852,bom
400919.0,677.2839999999999,0.0,0.0,1.0,1.0,0.0,0.0,0.0,0.0,0.0,0.0,7.0,0.0,1.0,6.0,0.0,0.0,0.0,0.0,0.0,0.0,99.20049199704914,otimo
400921.0,228.729,0.0,0.0,0.0,0.0,4.0,0.0,0.0,33.0,0.0,0.0,11.0,0.0,2.0,416.0,0.0,0.0,0.0,0.0,0.0,0.0,92.28892811837386,otimo
400926.0,3513.579000000001,0.0,0.0,0.0,2.0,852.0,65.0,0.0,51924.0,16321.0,0.0,270.0,104.0,88.0,22005.0,31064.0,5578.0,0.0,0.0,0.0,0.0,82.71918006380902,bom
400927.0,1594.2769999999998,0.0,0.0,1.0,0.0,90.0,4.0,0.0,639.0,419.0,0.0,31.0,12.0,2.0,705.0,1162.0,901.0,0.0,0.0,0.0,0.0,75.2363551426742,regular
400928.0,2326.3230000000003,0.0,0.0,2.0,4.0,338.0,0.0,0.0,2699.0,0.0,0.0,64.0,18.0,4.0,2234.0,2668.0,0.0,0.0,0.0,0.0,0.0,75.82171418107023,regular
400930.0,190.69299999999998,29.0,0.0,4.0,0.0,0.0,0.0,0.0,0.0,0.0,0.0,4.0,0.0,1.0,403.0,0.0,312.0,0.0,0.0,0.0,0.0,68.73519043980603,regular
400932.0,466.9290000000001,0.0,0.0,1.0,0.0,0.0,0.0,0.0,0.0,0.0,0.0,36.0,1.0,0.0,1075.0,0.0,0.0,0.0,0.0,0.0,0.0,97.0941747716467,otimo
400935.0,1389.767,37.0,0.0,7.0,0.0,22.0,0.0,0.0,440.0,0.0,0.0,35.0,0.0,0.0,189.0,0.0,0.0,0.0,0.0,0.0,0.0,84.33386059940675,bom
400939.0,220.24699999999996,0.0,0.0,0.0,1.0,1.0,0.0,0.0,5.0,0.0,0.0,14.0,1.0,0.0,4541.0,36.0,0.0,0.0,0.0,0.0,0.0,88.9879016763121,bom
400942.0,533.8219999999999,0.0,3.0,10.0,0.0,12.0,0.0,0.0,126.0,0.0,0.0,17.0,3.0,0.0,168.0,0.0,0.0,0.0,0.0,0.0,0.0,69.84956465896255,regular
400943.0,1193.687,2.0,0.0,2.0,1.0,87.0,0.0,0.0,730.0,0.0,0.0,99.0,15.0,25.0,1666.0,324.0,2401.0,0.0,0.0,0.0,0.0,63.41915056382582,regular
400944.0,2.343,0.0,0.0,0.0,0.0,0.0,0.0,0.0,0.0,0.0,0.0,0.0,0.0,0.0,0.0,0.0,0.0,0.0,0.0,0.0,0.0,100.0,otimo
400947.0,146.06699999999998,0.0,0.0,1.0,0.0,0.0,0.0,0.0,0.0,0.0,0.0,7.0,2.0,0.0,133.0,0.0,0.0,0.0,0.0,0.0,0.0,91.11111111111111,otimo
400949.0,1606.0489999999998,0.0,0.0,2.0,0.0,48.0,0.0,0.0,789.0,0.0,0.0,48.0,5.0,5.0,464.0,26.0,0.0,0.0,0.0,0.0,0.0,82.29463101389872,bom
400951.0,284.924,6.0,0.0,5.0,3.0,42.0,0.0,0.0,188.0,0.0,0.0,7.0,0.0,0.0,0.0,0.0,0.0,0.0,0.0,0.0,0.0,78.97109807655484,regular
400955.0,935.3330000000001,0.0,0.0,3.0,0.0,2.0,0.0,0.0,20.0,0.0,0.0,11.0,3.0,0.0,178.0,208.0,0.0,0.0,0.0,0.0,0.0,95.43703716901503,otimo
400958.0,666.0290000000001,0.0,0.0,4.0,1.0,0.0,0.0,0.0,0.0,0.0,0.0,25.0,1.0,1.0,754.0,0.0,0.0,0.0,0.0,0.0,0.0,88.91577413747731,bom
400962.0,784.5379999999999,0.0,0.0,0.0,0.0,0.0,0.0,0.0,0.0,0.0,0.0,34.0,1.0,4.0,1652.0,0.0,0.0,0.0,0.0,0.0,0.0,96.82681253330091,otimo
402618.0,320.3299999999999,88.0,0.0,0.0,0.0,0.0,0.0,0.0,0.0,0.0,0.0,0.0,0.0,0.0,0.0,0.0,0.0,0.0,0.0,0.0,0.0,96.05332900012323,otimo
407437.0,162.625,7.0,0.0,4.0,3.0,36.0,3.0,8.0,801.0,102.0,1268.0,15.0,1.0,0.0,846.0,0.0,0.0,0.0,0.0,0.0,0.0,61.37709329080531,regular
410277.0,2408.710000000001,0.0,0.0,0.0,0.0,0.0,0.0,0.0,0.0,0.0,0.0,0.0,0.0,0.0,0.0,0.0,0.0,0.0,0.0,0.0,0.0,100.0,otimo
417631.0,1267.124,0.0,0.0,0.0,0.0,1.0,0.0,0.0,6.0,0.0,0.0,0.0,0.0,0.0,0.0,0.0,0.0,0.0,0.0,0.0,0.0,99.93817428668584,otimo
418582.0,1420.907,0.0,0.0,0.0,0.0,0.0,0.0,0.0,0.0,0.0,0.0,0.0,0.0,0.0,0.0,0.0,0.0,0.0,0.0,0.0,0.0,100.0,otimo
418583.0,1346.946,0.0,0.0,0.0,0.0,0.0,0.0,0.0,0.0,0.0,0.0,0.0,0.0,0.0,0.0,0.0,0.0,0.0,0.0,0.0,0.0,100.0,otimo
418969.0,1413.876,0.0,0.0,0.0,0.0,205.0,0.0,0.0,636.0,0.0,0.0,24.0,10.0,6.0,873.0,1046.0,1072.0,0.0,0.0,0.0,0.0,62.893429982079915,regular
420094.0,1174.44,1.0,0.0,0.0,0.0,0.0,0.0,0.0,0.0,0.0,0.0,0.0,0.0,0.0,0.0,0.0,0.0,0.0,0.0,0.0,0.0,99.99022946110593,otimo
420095.0,791.9550000000002,0.0,0.0,0.0,0.0,0.0,0.0,0.0,0.0,0.0,0.0,0.0,0.0,0.0,0.0,0.0,0.0,0.0,0.0,0.0,0.0,100.0,otimo
420096.0,1452.533,3.0,0.0,0.0,0.0,0.0,0.0,0.0,0.0,0.0,0.0,0.0,0.0,0.0,0.0,0.0,0.0,0.0,0.0,0.0,0.0,99.9638613280188,otimo
420097.0,1424.395,0.0,1.0,0.0,0.0,0.0,0.0,0.0,0.0,0.0,0.0,0.0,0.0,0.0,0.0,0.0,0.0,0.0,0.0,0.0,0.0,99.50039344016588,otimo
420098.0,1767.445,0.0,0.0,0.0,0.0,0.0,0.0,0.0,0.0,0.0,0.0,0.0,0.0,0.0,0.0,0.0,0.0,0.0,0.0,0.0,0.0,100.0,otimo
420101.0,882.8429999999998,0.0,0.0,0.0,0.0,0.0,0.0,0.0,0.0,0.0,0.0,0.0,0.0,0.0,0.0,0.0,0.0,0.0,0.0,0.0,0.0,100.0,otimo
420103.0,597.4000000000001,0.0,0.0,0.0,0.0,0.0,0.0,0.0,0.0,0.0,0.0,0.0,0.0,0.0,0.0,0.0,0.0,0.0,0.0,0.0,0.0,100.0,otimo
420106.0,568.085,0.0,6.0,0.0,0.0,0.0,0.0,0.0,0.0,0.0,0.0,0.0,0.0,0.0,0.0,0.0,0.0,0.0,0.0,0.0,0.0,94.42665426506458,otimo
421706.0,992.74,0.0,0.0,0.0,0.0,0.0,0.0,0.0,0.0,0.0,0.0,0.0,0.0,0.0,0.0,0.0,0.0,0.0,0.0,0.0,0.0,100.0,otimo
421708.0,1269.593,0.0,0.0,0.0,0.0,1.0,0.0,1.0,5.0,0.0,236.0,0.0,0.0,0.0,0.0,0.0,0.0,0.0,0.0,0.0,0.0,97.19699070793978,otimo
421709.0,1356.0780000000002,0.0,0.0,0.0,0.0,0.0,0.0,0.0,0.0,0.0,0.0,0.0,0.0,0.0,0.0,0.0,0.0,0.0,0.0,0.0,0.0,100.0,otimo
426113.0,1154.2169999999999,0.0,0.0,0.0,4.0,8.0,0.0,0.0,69.0,0.0,0.0,74.0,11.0,29.0,4296.0,1227.0,5257.0,0.0,0.0,0.0,0.0,92.23772420209677,otimo
429622.0,74.516,7.0,0.0,1.0,0.0,33.0,0.0,0.0,591.0,0.0,0.0,22.0,0.0,0.0,685.0,0.0,0.0,0.0,0.0,0.0,0.0,78.19555331031208,regular
429623.0,173.591,0.0,0.0,1.0,0.0,23.0,2.0,2.0,304.0,120.0,216.0,31.0,7.0,2.0,848.0,646.0,104.0,0.0,0.0,0.0,0.0,74.44444444444444,regular
431391.0,1007.4299999999996,0.0,0.0,0.0,2.0,242.0,1.0,0.0,2335.0,30.0,0.0,61.0,7.0,4.0,646.0,15.0,185.0,0.0,0.0,0.0,0.0,81.50162250388165,bom
433656.0,97.438,0.0,0.0,0.0,0.0,0.0,0.0,0.0,0.0,0.0,0.0,0.0,0.0,0.0,0.0,0.0,0.0,0.0,0.0,0.0,0.0,100.0,otimo
433838.0,2005.5879999999997,0.0,0.0,0.0,0.0,0.0,1.0,1.0,0.0,8.0,9.0,0.0,0.0,0.0,0.0,0.0,0.0,0.0,0.0,0.0,0.0,99.8367916255265,otimo
434536.0,851.7340000000003,0.0,0.0,4.0,459.0,122.0,1.0,0.0,1191.0,62.0,0.0,30.0,1.0,3.0,421.0,0.0,0.0,0.0,0.0,0.0,0.0,62.011553370304306,regular
440147.0,2132.828,0.0,0.0,0.0,0.0,0.0,0.0,0.0,0.0,0.0,0.0,0.0,0.0,0.0,0.0,0.0,0.0,0.0,0.0,0.0,0.0,100.0,otimo
440149.0,1559.98,0.0,0.0,0.0,0.0,10.0,0.0,0.0,86.0,0.0,0.0,0.0,0.0,0.0,0.0,0.0,0.0,0.0,0.0,0.0,0.0,98.32642510874211,otimo
440150.0,1264.1419999999998,0.0,0.0,5.0,0.0,0.0,0.0,0.0,0.0,0.0,0.0,0.0,0.0,0.0,0.0,0.0,0.0,0.0,0.0,0.0,0.0,98.22086259935882,otimo
440151.0,1733.2340000000004,1.0,0.0,0.0,0.0,0.0,0.0,0.0,0.0,0.0,0.0,0.0,0.0,0.0,0.0,0.0,0.0,0.0,0.0,0.0,0.0,99.99072356887497,otimo
440153.0,1707.696,0.0,0.0,0.0,0.0,0.0,0.0,0.0,0.0,0.0,0.0,0.0,0.0,0.0,0.0,0.0,0.0,0.0,0.0,0.0,0.0,100.0,otimo
440179.0,1732.921,1.0,0.0,0.0,0.0,0.0,0.0,0.0,0.0,0.0,0.0,0.0,0.0,0.0,0.0,0.0,0.0,0.0,0.0,0.0,0.0,99.97873806201633,otimo
440264.0,12.496,0.0,0.0,0.0,0.0,0.0,0.0,0.0,0.0,0.0,0.0,0.0,0.0,0.0,0.0,0.0,0.0,0.0,0.0,0.0,0.0,100.0,otimo
440299.0,963.9589999999998,1.0,0.0,0.0,0.0,0.0,0.0,0.0,0.0,0.0,0.0,0.0,0.0,0.0,0.0,0.0,0.0,0.0,0.0,0.0,0.0,99.97565217759514,otimo
440300.0,32.873,0.0,0.0,0.0,0.0,0.0,0.0,0.0,0.0,0.0,0.0,0.0,0.0,0.0,0.0,0.0,0.0,0.0,0.0,0.0,0.0,100.0,otimo
440301.0,1185.6799999999998,3.0,1.0,0.0,0.0,0.0,0.0,0.0,0.0,0.0,0.0,0.0,0.0,0.0,0.0,0.0,0.0,0.0,0.0,0.0,0.0,99.07910707190761,otimo
440539.0,661.409,0.0,0.0,0.0,0.0,0.0,0.0,0.0,0.0,0.0,0.0,0.0,0.0,0.0,0.0,0.0,0.0,0.0,0.0,0.0,0.0,100.0,otimo
440540.0,701.67,1.0,0.0,0.0,0.0,0.0,0.0,0.0,0.0,0.0,0.0,0.0,0.0,0.0,0.0,0.0,0.0,0.0,0.0,0.0,0.0,99.98743182672357,otimo
440692.0,92.167,0.0,0.0,0.0,0.0,0.0,0.0,0.0,0.0,0.0,0.0,0.0,0.0,0.0,0.0,0.0,0.0,0.0,0.0,0.0,0.0,100.0,otimo
440903.0,1094.2849999999999,0.0,0.0,6.0,1.0,1.0,0.0,0.0,7.0,0.0,0.0,59.0,21.0,7.0,288.0,1064.0,49.0,0.0,0.0,0.0,0.0,74.14898598666242,regular
441580.0,1287.6229999999996,30.0,0.0,0.0,0.0,33.0,0.0,0.0,668.0,0.0,0.0,65.0,3.0,5.0,4120.0,0.0,69.0,0.0,0.0,0.0,0.0,89.91038766099638,bom
441709.0,2187.68,0.0,22.0,0.0,0.0,0.0,0.0,0.0,0.0,0.0,0.0,0.0,0.0,0.0,0.0,0.0,0.0,0.0,0.0,0.0,0.0,93.9013063178082,otimo
441711.0,1249.13,0.0,0.0,0.0,0.0,35.0,0.0,0.0,294.0,0.0,0.0,0.0,0.0,0.0,0.0,0.0,0.0,0.0,0.0,0.0,0.0,93.71686763681696,otimo
442627.0,651.9599999999999,0.0,1.0,0.0,0.0,3.0,0.0,0.0,15.0,0.0,0.0,0.0,0.0,0.0,0.0,0.0,0.0,0.0,0.0,0.0,0.0,99.11323492993333,otimo
442716.0,1844.5369999999998,0.0,0.0,0.0,0.0,1.0,0.0,0.0,4.0,0.0,0.0,260.0,2.0,1.0,8009.0,208.0,0.0,0.0,0.0,0.0,0.0,66.3522845701967,regular
442717.0,1142.7430000000002,5.0,0.0,0.0,0.0,144.0,3.0,0.0,829.0,58.0,0.0,27.0,10.0,2.0,2.0,1321.0,361.0,0.0,0.0,0.0,0.0,88.10229781755064,bom
442742.0,1223.491,44.0,5.0,1.0,0.0,19.0,0.0,0.0,93.0,0.0,0.0,14.0,8.0,4.0,383.0,666.0,416.0,0.0,0.0,0.0,0.0,95.98056201588764,otimo
442743.0,557.373,5.0,22.0,0.0,0.0,35.0,0.0,0.0,129.0,0.0,0.0,7.0,0.0,0.0,39.0,0.0,0.0,0.0,0.0,0.0,0.0,84.02948098475882,bom
442744.0,1014.2419999999997,0.0,18.0,0.0,5.0,77.0,1.0,0.0,826.0,54.0,0.0,7.0,3.0,0.0,240.0,348.0,0.0,0.0,0.0,0.0,0.0,90.88475920023048,otimo
442891.0,1405.336,0.0,0.0,0.0,1.0,126.0,2.0,0.0,393.0,17.0,0.0,36.0,20.0,8.0,596.0,807.0,729.0,0.0,0.0,0.0,0.0,89.22244607688364,bom
442892.0,2102.3019999999988,199.0,16.0,9.0,0.0,3.0,0.0,0.0,24.0,0.0,0.0,34.0,3.0,0.0,179.0,0.0,0.0,0.0,0.0,0.0,0.0,87.64781945402399,bom
443096.0,1070.7060000000001,0.0,7.0,8.0,1.0,21.0,0.0,0.0,354.0,0.0,0.0,13.0,1.0,0.0,104.0,0.0,0.0,0.0,0.0,0.0,0.0,81.25172172387636,bom
448334.0,30.501,0.0,0.0,0.0,0.0,0.0,0.0,0.0,0.0,0.0,0.0,0.0,0.0,0.0,0.0,0.0,0.0,0.0,0.0,0.0,0.0,100.0,otimo
449137.0,2147.4449999999997,42.0,0.0,0.0,0.0,2.0,0.0,0.0,9.0,0.0,0.0,0.0,0.0,0.0,0.0,0.0,0.0,0.0,0.0,0.0,0.0,97.50902982743547,otimo
449528.0,2242.257,0.0,0.0,0.0,0.0,0.0,0.0,0.0,0.0,0.0,0.0,0.0,0.0,0.0,0.0,0.0,0.0,0.0,0.0,0.0,0.0,100.0,otimo
452747.0,20.588,0.0,0.0,0.0,14.0,0.0,0.0,0.0,0.0,0.0,0.0,0.0,0.0,0.0,0.0,0.0,0.0,0.0,0.0,0.0,0.0,90.0,otimo
453660.0,1341.1840000000002,0.0,0.0,0.0,0.0,0.0,0.0,0.0,0.0,0.0,0.0,0.0,0.0,0.0,0.0,0.0,0.0,0.0,0.0,0.0,0.0,100.0,otimo
454216.0,2071.542,0.0,2.0,0.0,0.0,0.0,0.0,0.0,0.0,0.0,0.0,0.0,0.0,0.0,0.0,0.0,0.0,0.0,0.0,0.0,0.0,99.51344969596931,otimo
454662.0,100.745,0.0,0.0,0.0,0.0,0.0,0.0,0.0,0.0,0.0,0.0,0.0,0.0,0.0,0.0,0.0,0.0,0.0,0.0,0.0,0.0,100.0,otimo
455189.0,18.395,0.0,0.0,0.0,1.0,0.0,0.0,0.0,0.0,0.0,0.0,0.0,0.0,0.0,0.0,0.0,0.0,0.0,0.0,0.0,0.0,92.5,otimo
455488.0,660.2379999999999,0.0,0.0,0.0,1.0,2.0,0.0,0.0,9.0,0.0,0.0,40.0,3.0,0.0,5972.0,963.0,0.0,0.0,0.0,0.0,0.0,93.30184772552236,otimo
455560.0,2420.795,0.0,2.0,0.0,0.0,0.0,0.0,0.0,0.0,0.0,0.0,0.0,0.0,0.0,0.0,0.0,0.0,0.0,0.0,0.0,0.0,99.46266160928587,otimo
456773.0,33.427,0.0,0.0,0.0,0.0,0.0,0.0,0.0,0.0,0.0,0.0,0.0,0.0,0.0,0.0,0.0,0.0,0.0,0.0,3.0,0.0,100.0,otimo
458180.0,155.33400000000003,0.0,0.0,3.0,67.0,37.0,4.0,1.0,752.0,457.0,159.0,0.0,0.0,0.0,0.0,0.0,0.0,0.0,0.0,0.0,0.0,64.0,regular
459192.0,3629.743,8.0,4.0,0.0,1.0,1122.0,53.0,14.0,16516.0,4359.0,2737.0,243.0,29.0,26.0,8611.0,2593.0,3306.0,0.0,0.0,0.0,0.0,56.49736895503316,ruim
460403.0,7.935,0.0,0.0,0.0,0.0,0.0,0.0,0.0,0.0,0.0,0.0,0.0,0.0,0.0,0.0,0.0,0.0,0.0,0.0,0.0,0.0,100.0,otimo
463161.0,1412.6919999999998,194.0,0.0,0.0,1.0,127.0,23.0,1.0,1748.0,3404.0,256.0,20.0,5.0,3.0,406.0,272.0,104.0,0.0,0.0,0.0,0.0,78.03566812904732,regular
463262.0,1325.1850000000004,22.0,0.0,0.0,0.0,220.0,1.0,0.0,1161.0,21.0,0.0,25.0,0.0,2.0,0.0,0.0,0.0,0.0,0.0,0.0,0.0,88.53173355760167,bom
465692.0,25.500999999999998,8.0,0.0,0.0,0.0,0.0,0.0,0.0,0.0,0.0,0.0,0.0,0.0,0.0,0.0,0.0,0.0,0.0,0.0,0.0,0.0,92.07051944042217,otimo
466136.0,1488.6260000000002,6.0,2.0,0.0,0.0,0.0,0.0,0.0,0.0,0.0,0.0,0.0,0.0,0.0,0.0,0.0,0.0,0.0,0.0,0.0,0.0,98.86766709504329,otimo
467476.0,1552.327,0.0,0.0,0.0,0.0,1.0,0.0,0.0,2.0,0.0,0.0,0.0,0.0,0.0,0.0,0.0,0.0,0.0,0.0,0.0,0.0,99.98602021923651,otimo
471165.0,1588.7189999999996,0.0,0.0,0.0,0.0,9.0,15.0,0.0,256.0,1156.0,0.0,8.0,1.0,4.0,0.0,0.0,0.0,0.0,0.0,0.0,0.0,97.70452660776073,otimo
471167.0,2925.2959999999994,4.0,0.0,0.0,1.0,934.0,51.0,15.0,12267.0,4032.0,1281.0,171.0,24.0,25.0,5359.0,1798.0,2669.0,0.0,0.0,0.0,0.0,53.514038716424196,ruim
480793.0,1550.7189999999998,0.0,0.0,0.0,0.0,0.0,0.0,0.0,0.0,0.0,0.0,0.0,0.0,0.0,0.0,0.0,0.0,0.0,0.0,0.0,0.0,100.0,otimo
489644.0,18.897000000000002,0.0,0.0,0.0,0.0,0.0,0.0,0.0,0.0,0.0,0.0,0.0,0.0,0.0,0.0,0.0,0.0,0.0,0.0,0.0,0.0,100.0,otimo
492559.0,364.53899999999993,0.0,1.0,0.0,0.0,0.0,0.0,0.0,0.0,0.0,0.0,0.0,0.0,0.0,0.0,0.0,0.0,0.0,0.0,0.0,0.0,99.4506299443305,otimo
492560.0,1224.0610000000001,0.0,0.0,0.0,0.0,0.0,0.0,0.0,0.0,0.0,0.0,0.0,0.0,0.0,0.0,0.0,0.0,0.0,0.0,0.0,0.0,100.0,otimo
492617.0,894.57,0.0,0.0,0.0,0.0,0.0,0.0,0.0,0.0,0.0,0.0,6.0,1.0,4.0,208.0,104.0,160.0,0.0,0.0,0.0,0.0,88.4072292098321,bom
492618.0,735.925,0.0,0.0,0.0,0.0,0.0,0.0,0.0,0.0,0.0,0.0,7.0,1.0,1.0,104.0,104.0,0.0,0.0,0.0,0.0,0.0,95.302460058579,otimo
492619.0,924.23,1.0,0.0,0.0,0.0,0.0,0.0,0.0,0.0,0.0,0.0,8.0,3.0,2.0,0.0,0.0,0.0,0.0,0.0,0.0,0.0,99.98314796090327,otimo
492620.0,774.84,0.0,2.0,0.0,0.0,0.0,0.0,0.0,0.0,0.0,0.0,9.0,2.0,4.0,104.0,0.0,104.0,0.0,0.0,0.0,0.0,92.61967188526299,otimo
492621.0,490.235,0.0,1.0,0.0,0.0,0.0,0.0,0.0,0.0,0.0,0.0,5.0,1.0,4.0,12.0,104.0,104.0,0.0,0.0,0.0,0.0,86.25804967944325,bom
492622.0,536.4330000000001,0.0,0.0,0.0,0.0,0.0,0.0,0.0,0.0,0.0,0.0,5.0,2.0,0.0,0.0,180.0,0.0,0.0,0.0,0.0,0.0,94.53153979990904,otimo
499879.0,2404.034,0.0,0.0,0.0,0.0,0.0,0.0,0.0,0.0,0.0,0.0,0.0,0.0,0.0,0.0,0.0,0.0,0.0,0.0,0.0,0.0,100.0,otimo
503832.0,23.957,0.0,0.0,0.0,0.0,0.0,0.0,0.0,0.0,0.0,0.0,0.0,0.0,0.0,0.0,0.0,0.0,0.0,0.0,0.0,0.0,100.0,otimo
505217.0,25.275999999999996,0.0,0.0,0.0,0.0,0.0,0.0,0.0,0.0,0.0,0.0,0.0,0.0,0.0,0.0,0.0,0.0,0.0,0.0,0.0,0.0,100.0,otimo
513213.0,4234.209999999999,1.0,0.0,0.0,5.0,0.0,0.0,0.0,0.0,0.0,0.0,46.0,19.0,7.0,2641.0,2078.0,104.0,0.0,0.0,0.0,0.0,66.87673433732913,regular
513708.0,755.9459999999999,0.0,0.0,0.0,0.0,0.0,0.0,0.0,0.0,0.0,0.0,11.0,5.0,4.0,481.0,311.0,312.0,0.0,0.0,0.0,0.0,69.78163906652793,regular
514864.0,28.244999999999997,0.0,0.0,0.0,1.0,0.0,0.0,0.0,0.0,0.0,0.0,3.0,0.0,0.0,0.0,0.0,0.0,0.0,0.0,0.0,0.0,90.44433827042523,otimo
519002.0,742.8779999999999,0.0,0.0,0.0,0.0,0.0,0.0,0.0,0.0,0.0,0.0,0.0,0.0,0.0,0.0,0.0,0.0,0.0,0.0,0.0,0.0,100.0,otimo
524969.0,1448.4620000000002,0.0,0.0,0.0,0.0,0.0,0.0,0.0,0.0,0.0,0.0,0.0,0.0,0.0,0.0,0.0,0.0,0.0,0.0,0.0,0.0,100.0,otimo
525895.0,900.0950000000001,0.0,0.0,0.0,0.0,0.0,0.0,0.0,0.0,0.0,0.0,0.0,0.0,0.0,0.0,0.0,0.0,0.0,0.0,0.0,0.0,100.0,otimo
528837.0,3268.1470000000004,15.0,0.0,0.0,1.0,622.0,63.0,10.0,6802.0,6248.0,1251.0,108.0,21.0,15.0,3960.0,1338.0,2098.0,0.0,0.0,0.0,0.0,65.59101156865671,regular
528838.0,1741.5390000000002,1.0,0.0,0.0,0.0,102.0,0.0,0.0,403.0,0.0,0.0,20.0,0.0,1.0,171.0,0.0,0.0,0.0,0.0,0.0,0.0,95.47187431089715,otimo
532729.0,260.533,1.0,0.0,0.0,0.0,0.0,0.0,0.0,0.0,0.0,0.0,1.0,0.0,0.0,104.0,0.0,0.0,0.0,0.0,0.0,0.0,98.08637171320451,otimo
536001.0,245.415,0.0,0.0,0.0,0.0,0.0,0.0,0.0,0.0,0.0,0.0,0.0,0.0,0.0,0.0,0.0,0.0,0.0,0.0,0.0,0.0,100.0,otimo
537181.0,76.29,8.0,0.0,0.0,3.0,1.0,0.0,0.0,5.0,0.0,0.0,0.0,0.0,0.0,0.0,0.0,0.0,0.0,0.0,0.0,0.0,93.97673803219298,otimo
540197.0,55.88199999999999,1.0,0.0,0.0,0.0,0.0,0.0,0.0,0.0,0.0,0.0,0.0,0.0,0.0,0.0,0.0,0.0,0.0,0.0,0.0,0.0,99.82349974785679,otimo
541709.0,1177.8400000000001,0.0,0.0,2.0,1.0,406.0,0.0,0.0,10585.0,0.0,0.0,127.0,2.0,7.0,5983.0,532.0,621.0,0.0,0.0,0.0,0.0,81.95883685600884,bom
542129.0,1787.196,0.0,0.0,0.0,1.0,0.0,0.0,0.0,0.0,0.0,0.0,0.0,0.0,0.0,0.0,0.0,0.0,0.0,0.0,0.0,0.0,99.65775205847876,otimo
542130.0,1719.526,0.0,0.0,0.0,0.0,0.0,0.0,0.0,0.0,0.0,0.0,1.0,1.0,0.0,0.0,0.0,0.0,0.0,0.0,0.0,0.0,100.0,otimo
548750.0,1900.6849999999997,4.0,0.0,0.0,0.0,13.0,0.0,0.0,432.0,0.0,0.0,0.0,0.0,0.0,0.0,0.0,0.0,0.0,0.0,0.0,0.0,94.8872985401546,otimo
551317.0,1598.271,0.0,0.0,0.0,0.0,0.0,0.0,0.0,0.0,0.0,0.0,0.0,0.0,0.0,0.0,0.0,0.0,0.0,0.0,0.0,0.0,100.0,otimo
551374.0,29.031999999999996,3.0,0.0,0.0,1.0,0.0,0.0,0.0,0.0,0.0,0.0,0.0,0.0,0.0,0.0,0.0,0.0,0.0,0.0,0.0,0.0,95.54493090952582,otimo
555765.0,5.436,0.0,0.0,0.0,0.0,0.0,0.0,0.0,0.0,0.0,0.0,0.0,0.0,0.0,0.0,0.0,0.0,0.0,0.0,0.0,0.0,100.0,otimo
556332.0,12.354,0.0,0.0,0.0,0.0,0.0,0.0,0.0,0.0,0.0,0.0,0.0,0.0,0.0,0.0,0.0,0.0,0.0,0.0,0.0,0.0,100.0,otimo
557326.0,383.745,0.0,0.0,0.0,0.0,0.0,0.0,0.0,0.0,0.0,0.0,21.0,1.0,5.0,959.0,0.0,131.0,0.0,0.0,0.0,0.0,81.25,bom
562953.0,108.95400000000001,0.0,0.0,0.0,0.0,1.0,0.0,0.0,4.0,0.0,0.0,2.0,2.0,1.0,312.0,0.0,0.0,0.0,0.0,0.0,0.0,75.0,regular
565276.0,1926.0469999999998,0.0,0.0,0.0,0.0,0.0,0.0,0.0,0.0,0.0,0.0,0.0,0.0,0.0,0.0,0.0,0.0,0.0,0.0,0.0,0.0,100.0,otimo
569844.0,24.247,0.0,0.0,0.0,0.0,0.0,0.0,0.0,0.0,0.0,0.0,0.0,0.0,0.0,0.0,0.0,0.0,0.0,0.0,0.0,0.0,100.0,otimo
570582.0,1487.782,0.0,0.0,0.0,0.0,0.0,0.0,0.0,0.0,0.0,0.0,0.0,0.0,0.0,0.0,0.0,0.0,0.0,0.0,0.0,0.0,100.0,otimo
573182.0,421.78700000000003,0.0,0.0,0.0,0.0,0.0,0.0,0.0,0.0,0.0,0.0,0.0,0.0,0.0,0.0,0.0,0.0,0.0,0.0,0.0,0.0,100.0,otimo
581269.0,442.26,129.0,0.0,17.0,7.0,57.0,0.0,2.0,1022.0,0.0,112.0,3.0,0.0,0.0,0.0,0.0,0.0,0.0,0.0,0.0,0.0,80.82705448913798,bom
601872.0,1232.533,38.0,0.0,11.0,2.0,21.0,0.0,0.0,96.0,0.0,0.0,30.0,8.0,5.0,1405.0,1726.0,0.0,0.0,0.0,0.0,0.0,79.10234308382026,regular
601902.0,1344.108,32.0,4.0,1.0,2.0,69.0,0.0,0.0,524.0,0.0,0.0,23.0,0.0,0.0,300.0,0.0,0.0,0.0,0.0,0.0,0.0,81.77267513730708,bom
606025.0,2799.9879999999994,0.0,1.0,0.0,0.0,0.0,0.0,0.0,0.0,0.0,0.0,0.0,0.0,0.0,0.0,0.0,0.0,0.0,0.0,0.0,0.0,99.84591798214188,otimo
606502.0,1248.133,1.0,3.0,0.0,0.0,1.0,0.0,0.0,5.0,0.0,0.0,0.0,0.0,0.0,0.0,0.0,0.0,0.0,0.0,0.0,0.0,99.0477764844157,otimo
606511.0,649.43,0.0,7.0,0.0,0.0,0.0,0.0,0.0,0.0,0.0,0.0,0.0,0.0,0.0,0.0,0.0,0.0,0.0,0.0,0.0,0.0,94.66795617944818,otimo
635674.0,102.417,0.0,0.0,0.0,1.0,54.0,0.0,0.0,910.0,0.0,0.0,3.0,0.0,0.0,208.0,0.0,0.0,0.0,0.0,0.0,0.0,76.66666666666667,regular
636527.0,4404.305,0.0,0.0,1.0,4.0,25.0,0.0,0.0,216.0,0.0,0.0,114.0,22.0,35.0,2291.0,854.0,1022.0,0.0,0.0,0.0,0.0,68.05841477066208,regular
636528.0,1882.6160000000002,38.0,0.0,0.0,14.0,2.0,0.0,0.0,13.0,0.0,0.0,52.0,16.0,46.0,382.0,763.0,1771.0,0.0,0.0,0.0,0.0,60.668064657333424,regular
636529.0,9337.58,1016.0,0.0,0.0,7.0,2.0,0.0,0.0,13.0,0.0,0.0,92.0,28.0,50.0,4102.0,1516.0,6083.0,0.0,0.0,0.0,0.0,48.9139635260197,ruim
636530.0,2808.6530000000002,36.0,0.0,5.0,16.0,4.0,0.0,0.0,25.0,0.0,0.0,53.0,7.0,13.0,3985.0,832.0,836.0,0.0,0.0,0.0,0.0,47.87227357909238,ruim
636531.0,10922.41,19.0,0.0,1.0,16.0,1.0,0.0,0.0,11.0,0.0,0.0,156.0,29.0,84.0,5315.0,916.0,6295.0,0.0,0.0,0.0,0.0,71.7993567027128,regular
636532.0,621.08,0.0,0.0,0.0,0.0,0.0,0.0,0.0,0.0,0.0,0.0,12.0,1.0,2.0,312.0,104.0,0.0,0.0,0.0,60.0,1.0,91.98398334457102,otimo
636533.0,3965.3199999999997,609.0,0.0,0.0,0.0,10.0,0.0,0.0,145.0,0.0,0.0,43.0,10.0,26.0,1768.0,936.0,1872.0,0.0,0.0,0.0,0.0,51.522634000084444,ruim
636534.0,6854.227,41.0,0.0,0.0,3.0,0.0,0.0,0.0,0.0,0.0,0.0,162.0,25.0,38.0,14528.0,701.0,1716.0,0.0,0.0,0.0,0.0,60.11167167433321,regular
636535.0,658.075,0.0,0.0,0.0,0.0,0.0,0.0,0.0,0.0,0.0,0.0,26.0,6.0,12.0,1883.0,520.0,2051.0,0.0,0.0,47.0,0.0,78.57142857142857,regular
636536.0,7471.675,0.0,0.0,0.0,1.0,246.0,2.0,0.0,4389.0,72.0,0.0,268.0,49.0,99.0,10057.0,3761.0,4572.0,0.0,0.0,0.0,0.0,53.62563810607889,ruim
636537.0,5653.969999999999,0.0,0.0,0.0,20.0,0.0,0.0,0.0,0.0,0.0,0.0,129.0,11.0,7.0,10712.0,728.0,0.0,0.0,0.0,0.0,0.0,47.683809573062504,ruim
636538.0,2405.0170000000003,1.0,0.0,1.0,5.0,4.0,0.0,0.0,21.0,0.0,0.0,83.0,20.0,25.0,4702.0,2421.0,590.0,0.0,0.0,0.0,0.0,58.09779267764989,ruim
636539.0,8392.66,98.0,0.0,0.0,5.0,18.0,0.0,0.0,273.0,0.0,0.0,74.0,13.0,20.0,3847.0,1872.0,1768.0,0.0,0.0,0.0,0.0,70.98822874875401,regular
636540.0,6542.761,328.0,0.0,0.0,1.0,58.0,0.0,0.0,367.0,0.0,0.0,60.0,16.0,12.0,6968.0,734.0,728.0,0.0,0.0,0.0,0.0,58.14040652913802,ruim
636541.0,1151.926,0.0,0.0,1.0,9.0,12.0,0.0,0.0,90.0,0.0,0.0,41.0,11.0,35.0,2112.0,725.0,3655.0,0.0,4.0,5.0,1.0,39.02387122909254,pessimo
636542.0,6819.31,0.0,0.0,0.0,5.0,18.0,0.0,0.0,102.0,0.0,0.0,95.0,9.0,18.0,6129.0,208.0,1926.0,0.0,0.0,0.0,0.0,75.78822198303787,regular
636543.0,7887.461000000001,371.0,0.0,0.0,6.0,0.0,0.0,0.0,0.0,0.0,0.0,106.0,30.0,59.0,4214.0,3268.0,5559.0,0.0,0.0,0.0,0.0,45.95854311531802,ruim
636544.0,6771.770000000001,11.0,1.0,0.0,5.0,5.0,0.0,0.0,30.0,0.0,0.0,118.0,19.0,19.0,10705.0,1429.0,1383.0,0.0,0.0,0.0,0.0,72.38135038529508,regular
636546.0,5144.955,627.0,0.0,0.0,0.0,0.0,0.0,0.0,0.0,0.0,0.0,54.0,12.0,27.0,2392.0,936.0,1976.0,0.0,0.0,0.0,0.0,51.28831741663573,ruim
636547.0,8412.004,0.0,0.0,0.0,1.0,1.0,0.0,0.0,5.0,0.0,0.0,55.0,7.0,13.0,2080.0,311.0,1352.0,0.0,0.0,0.0,0.0,84.45948234872037,bom
636549.0,9284.975,739.0,0.0,0.0,0.0,0.0,0.0,0.0,0.0,0.0,0.0,60.0,20.0,17.0,2836.0,1352.0,1664.0,0.0,0.0,0.0,0.0,64.80759831936638,regular
636550.0,5863.867,85.0,0.0,0.0,9.0,13.0,0.0,0.0,150.0,0.0,0.0,70.0,6.0,15.0,4424.0,624.0,634.0,0.0,0.0,0.0,0.0,77.32118550111907,regular
636551.0,7463.029999999999,0.0,0.0,0.0,5.0,4.0,0.0,0.0,28.0,0.0,0.0,96.0,19.0,52.0,2406.0,1657.0,2555.0,0.0,0.0,0.0,0.0,76.12710478998935,regular
636552.0,6409.655,8.0,0.0,0.0,0.0,4.0,0.0,0.0,40.0,0.0,0.0,199.0,35.0,24.0,16788.0,2510.0,6046.0,0.0,0.0,0.0,0.0,70.88941460656461,regular
636553.0,4322.785,0.0,0.0,0.0,1.0,0.0,0.0,0.0,0.0,0.0,0.0,54.0,17.0,18.0,1664.0,1768.0,1144.0,0.0,0.0,0.0,0.0,68.46354195707593,regular
636554.0,8287.974999999999,1518.0,0.0,0.0,1.0,26.0,0.0,0.0,199.0,0.0,0.0,61.0,24.0,36.0,1668.0,2184.0,6552.0,0.0,0.0,0.0,0.0,52.7628729021086,ruim
636555.0,8439.109999999999,398.0,0.0,0.0,3.0,0.0,0.0,0.0,0.0,0.0,0.0,89.0,12.0,24.0,8528.0,416.0,9671.0,0.0,0.0,0.0,0.0,53.45007481759476,ruim
636556.0,147.815,22.0,0.0,0.0,0.0,25.0,4.0,0.0,786.0,262.0,0.0,5.0,0.0,0.0,624.0,0.0,0.0,0.0,0.0,0.0,0.0,30.0,pessimo
636557.0,5712.933,8.0,0.0,0.0,15.0,349.0,0.0,0.0,9965.0,0.0,0.0,53.0,2.0,5.0,4057.0,0.0,760.0,0.0,0.0,0.0,0.0,65.57903173205818,regular
636558.0,5389.23,0.0,1.0,0.0,30.0,20.0,0.0,0.0,341.0,0.0,0.0,28.0,6.0,75.0,772.0,208.0,38495.0,0.0,0.0,0.0,0.0,77.92907054107825,regular
636559.0,4955.357999999999,5.0,2.0,0.0,13.0,0.0,0.0,0.0,0.0,0.0,0.0,18.0,5.0,29.0,26.0,110.0,24105.0,0.0,0.0,0.0,0.0,85.87545055741107,bom
636560.0,3724.375,0.0,0.0,0.0,38.0,149.0,0.0,0.0,2712.0,0.0,0.0,83.0,36.0,57.0,4089.0,4456.0,32341.0,0.0,0.0,0.0,0.0,60.986800323046914,regular
636561.0,5414.344999999999,1.0,0.0,0.0,3.0,7.0,0.0,0.0,22.0,0.0,0.0,106.0,27.0,104.0,21222.0,4284.0,50930.0,0.0,0.0,0.0,0.0,61.23441848836312,regular
636562.0,5628.811000000001,0.0,0.0,0.0,6.0,25.0,0.0,0.0,554.0,0.0,0.0,43.0,23.0,66.0,4923.0,4604.0,56360.0,0.0,0.0,0.0,0.0,68.32284602703473,regular
636563.0,5116.717,0.0,0.0,2.0,224.0,35.0,0.0,0.0,734.0,0.0,0.0,62.0,50.0,76.0,978.0,5239.0,23725.0,0.0,0.0,0.0,0.0,59.90842293729518,ruim
636564.0,1504.589,0.0,0.0,0.0,2.0,0.0,0.0,0.0,0.0,0.0,0.0,1.0,3.0,33.0,0.0,0.0,24420.0,0.0,0.0,0.0,0.0,49.529410288346,ruim
636565.0,5514.175,5.0,0.0,0.0,17.0,27.0,1.0,0.0,334.0,23.0,0.0,30.0,9.0,99.0,1001.0,111.0,76540.0,0.0,0.0,0.0,0.0,58.63297090987619,ruim
636566.0,3173.7630000000004,0.0,0.0,1.0,61.0,2.0,0.0,0.0,44.0,0.0,0.0,35.0,11.0,42.0,534.0,835.0,25825.0,0.0,0.0,0.0,0.0,64.90362284371282,regular
636567.0,5156.429999999999,0.0,0.0,0.0,1.0,1.0,0.0,0.0,19.0,0.0,0.0,14.0,6.0,63.0,33.0,48.0,34047.0,0.0,0.0,0.0,0.0,81.62127251773393,bom
636568.0,5358.404,0.0,0.0,1.0,64.0,3.0,0.0,0.0,48.0,0.0,0.0,26.0,22.0,49.0,1560.0,5615.0,27558.0,0.0,0.0,0.0,0.0,63.29785046385541,regular
636569.0,4598.576,6.0,0.0,0.0,20.0,2.0,0.0,0.0,29.0,0.0,0.0,25.0,6.0,76.0,646.0,1462.0,50522.0,0.0,0.0,0.0,0.0,67.38795361993547,regular
636570.0,4398.095,0.0,0.0,0.0,19.0,1.0,0.0,0.0,5.0,0.0,0.0,8.0,12.0,46.0,0.0,174.0,30644.0,0.0,0.0,0.0,0.0,74.85011762984524,regular
636571.0,4442.397,0.0,0.0,0.0,2.0,12.0,0.0,0.0,145.0,0.0,0.0,101.0,52.0,112.0,22159.0,13138.0,59833.0,0.0,0.0,0.0,0.0,69.81017166173964,regular
636572.0,5412.577,0.0,0.0,0.0,15.0,1.0,0.0,0.0,5.0,0.0,0.0,12.0,11.0,108.0,36.0,520.0,77807.0,0.0,0.0,0.0,0.0,54.122238809149934,ruim
636573.0,4712.295,1.0,0.0,0.0,3.0,29.0,1.0,0.0,473.0,29.0,0.0,23.0,10.0,105.0,564.0,707.0,68092.0,0.0,0.0,0.0,0.0,49.64178701307614,ruim
636574.0,4324.468,0.0,0.0,1.0,6.0,3.0,0.0,0.0,33.0,0.0,0.0,25.0,12.0,10.0,2134.0,3146.0,10849.0,0.0,0.0,0.0,0.0,88.24124680853039,bom
636575.0,4806.409999999999,6.0,0.0,0.0,44.0,0.0,0.0,0.0,0.0,0.0,0.0,22.0,5.0,27.0,493.0,61.0,20312.0,0.0,0.0,0.0,0.0,68.44377104006232,regular
636576.0,6414.812,0.0,0.0,1.0,324.0,23.0,0.0,0.0,335.0,0.0,0.0,57.0,20.0,88.0,5621.0,2596.0,37594.0,0.0,0.0,0.0,0.0,49.779824610295485,ruim
636577.0,5520.4000000000015,2.0,0.0,0.0,22.0,32.0,1.0,0.0,419.0,24.0,0.0,36.0,6.0,68.0,1182.0,186.0,38964.0,0.0,0.0,0.0,0.0,67.67897106944554,regular
636578.0,9312.165,629.0,0.0,0.0,3.0,20.0,0.0,0.0,254.0,0.0,0.0,87.0,12.0,23.0,6240.0,1248.0,5200.0,0.0,0.0,0.0,0.0,64.94110241837367,regular
636579.0,4961.705,0.0,0.0,0.0,1.0,9.0,0.0,0.0,57.0,0.0,0.0,76.0,23.0,42.0,2453.0,927.0,1796.0,0.0,0.0,0.0,0.0,80.77978924932752,bom
636580.0,7202.805,0.0,0.0,0.0,3.0,7.0,0.0,0.0,60.0,0.0,0.0,164.0,25.0,36.0,7708.0,650.0,1718.0,0.0,0.0,0.0,0.0,71.21031326745204,regular
636581.0,6279.080000000001,12.0,0.0,1.0,6.0,5.0,0.0,0.0,46.0,0.0,0.0,136.0,30.0,37.0,6738.0,2338.0,1691.0,0.0,0.0,0.0,0.0,67.6672748681407,regular
636582.0,2731.8360000000002,13.0,0.0,2.0,4.0,13.0,0.0,0.0,134.0,0.0,0.0,100.0,17.0,37.0,6239.0,1703.0,3013.0,0.0,0.0,0.0,0.0,56.4718166960018,ruim
636583.0,6773.917,36.0,0.0,0.0,11.0,1.0,0.0,0.0,8.0,0.0,0.0,61.0,5.0,13.0,4679.0,208.0,1456.0,0.0,0.0,0.0,0.0,73.19584601399461,regular
636584.0,5716.525,1531.0,0.0,0.0,1.0,5.0,0.0,0.0,47.0,0.0,0.0,64.0,6.0,24.0,7175.0,520.0,4056.0,0.0,0.0,0.0,0.0,62.80019681954163,regular
636585.0,519.655,107.0,0.0,0.0,2.0,3.0,0.0,0.0,16.0,0.0,0.0,8.0,2.0,3.0,208.0,0.0,208.0,0.0,0.0,0.0,0.0,27.690775610741742,pessimo
636586.0,7493.15,1771.0,0.0,0.0,0.0,1.0,0.0,0.0,10.0,0.0,0.0,69.0,5.0,13.0,2912.0,104.0,7800.0,0.0,0.0,0.0,0.0,55.96565101631938,ruim
636587.0,8115.387999999999,1.0,0.0,0.0,5.0,2.0,0.0,0.0,14.0,0.0,0.0,194.0,34.0,76.0,11752.0,2374.0,4993.0,0.0,0.0,0.0,0.0,64.30115762326412,regular
636588.0,3372.835,1038.0,0.0,0.0,1.0,2.0,0.0,0.0,9.0,0.0,0.0,61.0,12.0,10.0,2600.0,520.0,416.0,0.0,0.0,0.0,0.0,46.086332639904356,ruim
636589.0,5997.927000000001,0.0,0.0,0.0,1.0,16.0,0.0,0.0,137.0,0.0,0.0,16.0,5.0,52.0,210.0,201.0,19744.0,0.0,0.0,0.0,0.0,77.16569546120753,regular
636590.0,5654.656,453.0,0.0,0.0,10.0,5.0,0.0,0.0,81.0,0.0,0.0,26.0,8.0,55.0,128.0,104.0,24075.0,0.0,0.0,0.0,0.0,64.75478820588732,regular
636591.0,6289.405999999999,1.0,0.0,0.0,31.0,0.0,0.0,0.0,0.0,0.0,0.0,13.0,2.0,4.0,208.0,127.0,106.0,0.0,0.0,0.0,0.0,95.82889988723073,otimo
636592.0,4273.355,0.0,0.0,0.0,0.0,0.0,0.0,0.0,0.0,0.0,0.0,5.0,1.0,0.0,0.0,0.0,0.0,0.0,0.0,0.0,0.0,100.0,otimo
636593.0,3569.737,0.0,0.0,1.0,10.0,1.0,0.0,0.0,3.0,0.0,0.0,19.0,3.0,25.0,737.0,0.0,15507.0,0.0,0.0,0.0,0.0,79.51447192809816,regular
636594.0,2822.93,0.0,0.0,0.0,3.0,6.0,0.0,0.0,53.0,0.0,0.0,11.0,4.0,19.0,104.0,280.0,7892.0,0.0,0.0,0.0,0.0,74.69958954762053,regular
636595.0,3848.6749999999997,0.0,0.0,0.0,1.0,10.0,0.0,0.0,175.0,0.0,0.0,15.0,2.0,19.0,208.0,0.0,10503.0,0.0,0.0,0.0,0.0,87.74965063477521,bom
636596.0,6798.637000000001,1.0,0.0,0.0,7.0,20.0,0.0,0.0,237.0,0.0,0.0,38.0,10.0,34.0,1610.0,3169.0,18401.0,0.0,0.0,0.0,0.0,85.17978251132399,bom
636598.0,850.697,0.0,0.0,0.0,0.0,0.0,0.0,0.0,0.0,0.0,0.0,11.0,2.0,12.0,265.0,0.0,5592.0,0.0,0.0,0.0,0.0,66.66666666666667,regular
636599.0,6178.497,0.0,0.0,0.0,29.0,4.0,0.0,0.0,71.0,0.0,0.0,15.0,4.0,28.0,832.0,104.0,16019.0,0.0,0.0,0.0,0.0,85.16092718512135,bom
636600.0,3036.44,9.0,0.0,0.0,2.0,0.0,0.0,0.0,0.0,0.0,0.0,11.0,5.0,18.0,0.0,0.0,12705.0,0.0,0.0,0.0,0.0,85.91837748386227,bom
636601.0,5511.941,0.0,0.0,0.0,5.0,3.0,0.0,0.0,15.0,0.0,0.0,21.0,5.0,1.0,648.0,171.0,0.0,0.0,0.0,0.0,0.0,94.9370716646212,otimo
636602.0,4703.01,1.0,0.0,0.0,16.0,29.0,0.0,0.0,208.0,0.0,0.0,24.0,2.0,30.0,2754.0,0.0,14990.0,0.0,0.0,0.0,0.0,73.86435921425313,regular
636603.0,4838.545,6.0,0.0,0.0,6.0,11.0,0.0,0.0,44.0,0.0,0.0,25.0,10.0,37.0,3291.0,2607.0,22821.0,0.0,0.0,0.0,0.0,82.21899844498063,bom
636604.0,3007.155,0.0,0.0,0.0,2.0,1.0,0.0,0.0,17.0,0.0,0.0,8.0,1.0,0.0,104.0,208.0,0.0,0.0,0.0,0.0,0.0,98.79091267562445,otimo
636605.0,5531.125999999999,4.0,0.0,0.0,19.0,77.0,0.0,0.0,1421.0,0.0,0.0,52.0,4.0,60.0,2533.0,0.0,25152.0,0.0,0.0,0.0,0.0,62.02492408242488,regular
636607.0,4365.333,0.0,0.0,0.0,16.0,9.0,0.0,0.0,115.0,0.0,0.0,20.0,4.0,19.0,555.0,0.0,9730.0,0.0,0.0,0.0,0.0,91.68940287540703,otimo
636608.0,7427.49,1.0,0.0,2.0,13.0,2.0,0.0,0.0,15.0,0.0,0.0,23.0,6.0,37.0,832.0,104.0,25189.0,0.0,0.0,0.0,0.0,84.64530763164493,bom
636609.0,4434.379999999999,2.0,0.0,0.0,14.0,0.0,0.0,0.0,0.0,0.0,0.0,27.0,7.0,19.0,3051.0,801.0,11734.0,0.0,0.0,0.0,0.0,84.9274516164052,bom
636611.0,6163.481999999999,0.0,0.0,0.0,17.0,21.0,0.0,0.0,99.0,0.0,0.0,28.0,9.0,30.0,1296.0,168.0,18821.0,0.0,0.0,0.0,0.0,77.89100282323355,regular
636612.0,501.83,14.0,0.0,0.0,4.0,1.0,0.0,0.0,4.0,0.0,0.0,2.0,3.0,9.0,0.0,104.0,2701.0,0.0,0.0,0.0,0.0,37.0341217809484,pessimo
636613.0,4066.2,27.0,0.0,0.0,139.0,0.0,0.0,0.0,0.0,0.0,0.0,12.0,24.0,18.0,728.0,3327.0,3952.0,0.0,0.0,0.0,0.0,66.95423550826229,regular
636614.0,5068.595000000001,5.0,0.0,0.0,144.0,0.0,0.0,0.0,0.0,0.0,0.0,60.0,56.0,49.0,4133.0,8289.0,12853.0,0.0,0.0,0.0,0.0,67.98771103414518,regular
636615.0,4921.775,0.0,0.0,0.0,21.0,2.0,0.0,0.0,5.0,0.0,0.0,58.0,38.0,29.0,6040.0,6976.0,8235.0,0.0,0.0,0.0,0.0,83.5438553085944,bom
636616.0,7413.273999999999,6.0,0.0,0.0,15.0,24.0,1.0,0.0,200.0,22.0,0.0,96.0,14.0,10.0,4179.0,417.0,877.0,0.0,0.0,0.0,0.0,76.94624168632419,regular
636617.0,6275.692,0.0,0.0,0.0,44.0,0.0,0.0,0.0,0.0,0.0,0.0,77.0,22.0,19.0,3116.0,4905.0,6018.0,0.0,0.0,0.0,0.0,70.86065937604734,regular
636618.0,5442.079999999999,0.0,0.0,0.0,3.0,51.0,1.0,0.0,682.0,13.0,0.0,22.0,1.0,3.0,312.0,0.0,0.0,0.0,0.0,0.0,0.0,86.38806080431894,bom
636620.0,3559.645,0.0,0.0,0.0,6.0,0.0,0.0,0.0,0.0,0.0,0.0,10.0,2.0,5.0,312.0,0.0,0.0,0.0,0.0,0.0,0.0,97.1341704660681,otimo
636621.0,6341.176,293.0,0.0,1.0,6.0,4.0,0.0,0.0,12.0,0.0,0.0,22.0,4.0,2.0,1003.0,5.0,0.0,0.0,0.0,0.0,0.0,82.20691732423063,bom
636622.0,6237.870000000001,2.0,0.0,0.0,9.0,1.0,0.0,0.0,2.0,0.0,0.0,56.0,15.0,13.0,2031.0,1368.0,1768.0,0.0,0.0,0.0,0.0,87.75231156592481,bom
636623.0,8025.235000000001,9.0,0.0,0.0,15.0,3.0,0.0,0.0,18.0,0.0,0.0,48.0,3.0,3.0,936.0,208.0,0.0,0.0,0.0,0.0,0.0,94.09537277528827,otimo
636624.0,6754.275,5.0,0.0,0.0,5.0,20.0,0.0,0.0,82.0,0.0,0.0,12.0,7.0,1.0,354.0,812.0,0.0,0.0,0.0,0.0,0.0,95.20844455940302,otimo
636625.0,7270.290000000001,3.0,0.0,0.0,61.0,1.0,0.0,0.0,3.0,0.0,0.0,81.0,17.0,12.0,5585.0,5691.0,1385.0,0.0,0.0,0.0,0.0,73.43558160329309,regular
636626.0,7118.880999999999,15.0,0.0,1.0,9.0,3.0,0.0,0.0,13.0,0.0,0.0,34.0,5.0,3.0,1319.0,200.0,151.0,0.0,0.0,0.0,0.0,90.56228878596063,otimo
636627.0,2310.7760000000003,0.0,0.0,0.0,15.0,2.0,0.0,0.0,26.0,0.0,0.0,11.0,1.0,2.0,1040.0,0.0,0.0,0.0,0.0,0.0,0.0,88.66695825369017,bom
636628.0,6712.092,39.0,0.0,1.0,15.0,4.0,0.0,0.0,28.0,0.0,0.0,28.0,13.0,7.0,749.0,47.0,119.0,0.0,0.0,0.0,0.0,88.97626748145125,bom
636630.0,6732.4259999999995,543.0,0.0,1.0,22.0,30.0,0.0,0.0,217.0,0.0,0.0,83.0,7.0,10.0,10164.0,14.0,521.0,0.0,0.0,0.0,0.0,54.26182880004331,ruim
636632.0,7364.76,0.0,0.0,0.0,10.0,3.0,0.0,0.0,23.0,0.0,0.0,36.0,8.0,11.0,2080.0,416.0,3640.0,0.0,0.0,0.0,0.0,87.36805294455357,bom
636633.0,5079.967,18.0,0.0,2.0,16.0,5.0,0.0,0.0,31.0,0.0,0.0,50.0,3.0,4.0,2284.0,0.0,208.0,0.0,0.0,0.0,0.0,85.06535401982987,bom
636634.0,6566.775,0.0,0.0,0.0,9.0,65.0,0.0,0.0,453.0,0.0,0.0,24.0,3.0,5.0,340.0,0.0,0.0,0.0,0.0,0.0,0.0,93.45849584110289,otimo
636635.0,6126.406,18.0,2.0,0.0,65.0,33.0,0.0,0.0,348.0,0.0,0.0,41.0,4.0,7.0,936.0,208.0,0.0,0.0,0.0,0.0,0.0,85.38096565701059,bom
636636.0,6807.024000000001,23.0,1.0,0.0,30.0,23.0,0.0,0.0,147.0,0.0,0.0,45.0,13.0,20.0,1712.0,2807.0,3893.0,0.0,0.0,0.0,0.0,72.90777445081066,regular
636637.0,7102.704999999999,21.0,0.0,0.0,14.0,4.0,0.0,0.0,13.0,0.0,0.0,72.0,9.0,7.0,2399.0,1723.0,657.0,0.0,0.0,0.0,0.0,88.02205213799552,bom
636638.0,7793.785,3.0,0.0,0.0,10.0,0.0,0.0,0.0,0.0,0.0,0.0,55.0,8.0,8.0,2088.0,208.0,1040.0,0.0,0.0,0.0,0.0,85.99895615437948,bom
636640.0,6576.331999999999,0.0,0.0,0.0,8.0,1.0,0.0,0.0,3.0,0.0,0.0,26.0,18.0,15.0,1497.0,1353.0,1392.0,0.0,0.0,0.0,0.0,84.05951200188153,bom
636641.0,5058.825000000001,1.0,1.0,0.0,57.0,29.0,0.0,0.0,325.0,0.0,0.0,82.0,14.0,13.0,6388.0,1417.0,2582.0,0.0,0.0,0.0,0.0,66.24596864835404,regular
636642.0,5666.534000000001,0.0,0.0,1.0,19.0,18.0,0.0,0.0,215.0,0.0,0.0,15.0,4.0,6.0,1040.0,0.0,0.0,0.0,0.0,0.0,0.0,90.87167948613332,otimo
636643.0,1856.9099999999999,0.0,0.0,0.0,22.0,57.0,0.0,0.0,539.0,0.0,0.0,31.0,5.0,8.0,4994.0,0.0,746.0,0.0,0.0,0.0,0.0,50.271250318986844,ruim
636644.0,4990.74,1.0,0.0,0.0,7.0,3.0,0.0,0.0,31.0,0.0,0.0,27.0,0.0,3.0,2600.0,0.0,0.0,0.0,0.0,0.0,0.0,90.67169321508509,otimo
636645.0,632.326,0.0,0.0,1.0,0.0,0.0,0.0,0.0,0.0,0.0,0.0,0.0,0.0,0.0,0.0,0.0,0.0,0.0,0.0,0.0,0.0,99.05052774832656,otimo
636646.0,5437.154,2.0,0.0,1.0,6.0,9.0,0.0,0.0,75.0,0.0,0.0,13.0,3.0,3.0,107.0,0.0,0.0,0.0,0.0,0.0,0.0,98.72056284757888,otimo
636647.0,6422.393999999999,1.0,0.0,0.0,14.0,3.0,0.0,0.0,23.0,0.0,0.0,37.0,26.0,4.0,1403.0,14139.0,874.0,0.0,0.0,0.0,0.0,88.78193117937396,bom
636648.0,4220.175000000001,7.0,1.0,0.0,7.0,0.0,0.0,0.0,0.0,0.0,0.0,35.0,6.0,12.0,1778.0,415.0,5153.0,0.0,0.0,0.0,0.0,85.64649955577993,bom
636649.0,3216.8300000000004,0.0,0.0,0.0,30.0,1.0,0.0,0.0,18.0,0.0,0.0,24.0,11.0,15.0,982.0,1467.0,1610.0,0.0,0.0,0.0,0.0,74.00216334207742,regular
636650.0,4537.385,0.0,0.0,0.0,12.0,2.0,0.0,0.0,35.0,0.0,0.0,12.0,10.0,10.0,623.0,624.0,2392.0,0.0,0.0,0.0,0.0,74.9844025628486,regular
636652.0,484.245,0.0,0.0,0.0,11.0,0.0,0.0,0.0,0.0,0.0,0.0,5.0,3.0,1.0,640.0,2955.0,208.0,0.0,0.0,0.0,0.0,61.47573793574422,regular
636653.0,5491.870000000001,8.0,3.0,1.0,48.0,12.0,0.0,0.0,145.0,0.0,0.0,29.0,22.0,17.0,969.0,2682.0,5551.0,0.0,0.0,0.0,0.0,71.73494787481067,regular
636654.0,4766.5380000000005,0.0,0.0,0.0,14.0,2.0,0.0,0.0,50.0,0.0,0.0,38.0,19.0,26.0,3119.0,1144.0,8526.0,0.0,0.0,0.0,0.0,64.00922814802878,regular
636655.0,5154.87,0.0,0.0,0.0,32.0,12.0,2.0,0.0,170.0,41.0,0.0,24.0,5.0,4.0,708.0,218.0,104.0,0.0,0.0,0.0,0.0,91.80809067696704,otimo
636656.0,3241.8650000000002,1.0,0.0,0.0,2.0,0.0,0.0,0.0,0.0,0.0,0.0,14.0,23.0,7.0,310.0,13104.0,4791.0,0.0,0.0,0.0,0.0,82.58991957505594,bom
636657.0,3115.0839999999994,1.0,0.0,0.0,19.0,0.0,0.0,0.0,0.0,0.0,0.0,37.0,43.0,18.0,3516.0,12750.0,9273.0,0.0,0.0,0.0,0.0,73.59974770359645,regular
636658.0,5246.67,0.0,6.0,0.0,35.0,0.0,0.0,0.0,0.0,0.0,0.0,39.0,5.0,4.0,1883.0,799.0,104.0,0.0,0.0,0.0,0.0,84.51166394324113,bom
636659.0,5714.894999999999,0.0,0.0,0.0,16.0,0.0,0.0,0.0,0.0,0.0,0.0,39.0,22.0,15.0,793.0,3081.0,2212.0,0.0,0.0,0.0,0.0,86.21517006786664,bom
636660.0,5240.48,7.0,0.0,0.0,4.0,0.0,0.0,0.0,0.0,0.0,0.0,13.0,5.0,4.0,1040.0,1262.0,1768.0,0.0,0.0,0.0,0.0,85.8375208048145,bom
636661.0,6161.724999999999,2.0,0.0,0.0,49.0,3.0,0.0,0.0,7.0,0.0,0.0,23.0,14.0,20.0,208.0,936.0,4476.0,0.0,0.0,0.0,0.0,73.29136614812815,regular
636662.0,4394.565,13.0,0.0,0.0,55.0,1.0,0.0,0.0,8.0,0.0,0.0,21.0,5.0,10.0,520.0,104.0,2600.0,0.0,0.0,0.0,0.0,81.85671207465585,bom
636663.0,6485.73,58.0,1.0,1.0,122.0,8.0,0.0,0.0,66.0,0.0,0.0,68.0,20.0,65.0,2070.0,2164.0,12599.0,0.0,0.0,0.0,0.0,51.921035472864524,ruim
636664.0,1971.355,3.0,0.0,1.0,47.0,0.0,0.0,0.0,0.0,0.0,0.0,23.0,0.0,3.0,211.0,0.0,0.0,0.0,0.0,0.0,0.0,84.03246172204037,bom
636666.0,4830.283,0.0,0.0,0.0,31.0,1.0,0.0,0.0,3.0,0.0,0.0,25.0,2.0,2.0,435.0,31.0,0.0,0.0,0.0,0.0,0.0,92.88653627774777,otimo
636668.0,6019.475,0.0,2.0,1.0,75.0,0.0,0.0,0.0,0.0,0.0,0.0,17.0,7.0,12.0,624.0,728.0,4784.0,0.0,0.0,0.0,0.0,74.95714702004922,regular
636669.0,3570.5109999999995,0.0,0.0,1.0,14.0,0.0,0.0,0.0,0.0,0.0,0.0,6.0,10.0,6.0,0.0,500.0,124.0,0.0,0.0,0.0,0.0,90.09180794658818,otimo
636672.0,2790.5649999999996,3.0,0.0,2.0,4.0,10.0,0.0,0.0,137.0,0.0,0.0,11.0,2.0,1.0,104.0,0.0,0.0,0.0,0.0,0.0,0.0,96.80337745650932,otimo
636673.0,5919.239999999999,5.0,0.0,0.0,59.0,0.0,0.0,0.0,0.0,0.0,0.0,29.0,14.0,10.0,1560.0,1040.0,4264.0,0.0,0.0,0.0,0.0,73.87233403430282,regular
636675.0,4780.396000000001,0.0,0.0,1.0,29.0,4.0,0.0,0.0,21.0,0.0,0.0,17.0,1.0,14.0,104.0,1291.0,2993.0,0.0,0.0,0.0,0.0,90.7553888383801,otimo
636677.0,7604.216999999999,1.0,0.0,1.0,82.0,0.0,0.0,0.0,0.0,0.0,0.0,84.0,22.0,31.0,3297.0,970.0,209.0,0.0,0.0,0.0,0.0,69.33360503984943,regular
636678.0,6324.830000000001,7.0,2.0,0.0,13.0,3.0,0.0,0.0,16.0,0.0,0.0,125.0,43.0,63.0,3476.0,655.0,2125.0,0.0,0.0,0.0,0.0,70.79166853451848,regular
636679.0,6944.665,75.0,0.0,0.0,28.0,16.0,0.0,0.0,66.0,0.0,0.0,112.0,31.0,36.0,3193.0,1718.0,1697.0,0.0,0.0,0.0,0.0,67.8869312179265,regular
636680.0,6272.8,1.0,0.0,0.0,11.0,1.0,0.0,0.0,10.0,0.0,0.0,72.0,19.0,27.0,1872.0,312.0,624.0,0.0,0.0,0.0,0.0,80.92561924867,bom
636681.0,7149.695,12.0,0.0,0.0,22.0,0.0,0.0,0.0,0.0,0.0,0.0,75.0,32.0,21.0,3015.0,1144.0,416.0,0.0,0.0,0.0,0.0,74.46768123070751,regular
636682.0,691.1890000000001,0.0,0.0,2.0,10.0,0.0,0.0,0.0,0.0,0.0,0.0,15.0,1.0,11.0,520.0,0.0,104.0,0.0,0.0,0.0,0.0,55.39313113916296,ruim
636683.0,2481.365,2.0,0.0,0.0,4.0,7.0,0.0,0.0,36.0,0.0,0.0,37.0,5.0,9.0,1461.0,312.0,208.0,0.0,0.0,0.0,0.0,82.23361438489115,bom
636684.0,3308.823000000001,0.0,0.0,4.0,18.0,0.0,0.0,0.0,0.0,0.0,0.0,51.0,10.0,18.0,1856.0,173.0,145.0,0.0,0.0,0.0,0.0,79.47717455286059,regular
636685.0,6335.134999999999,2.0,0.0,0.0,25.0,1.0,0.0,0.0,4.0,0.0,0.0,50.0,16.0,34.0,832.0,624.0,1248.0,0.0,0.0,0.0,0.0,86.590289658674,bom
636686.0,5816.3949999999995,0.0,0.0,0.0,4.0,18.0,0.0,0.0,231.0,0.0,0.0,63.0,25.0,41.0,1081.0,401.0,536.0,0.0,0.0,0.0,0.0,76.00998710550843,regular
636687.0,5887.795,0.0,1.0,2.0,20.0,17.0,0.0,0.0,133.0,0.0,0.0,112.0,52.0,47.0,5512.0,5087.0,2502.0,0.0,0.0,0.0,0.0,62.51321808387564,regular
636688.0,7349.690000000001,1.0,0.0,2.0,124.0,1.0,0.0,0.0,8.0,0.0,0.0,273.0,125.0,113.0,6291.0,7647.0,6751.0,0.0,0.0,0.0,0.0,56.022885627510796,ruim
636689.0,7296.295000000001,4.0,0.0,0.0,5.0,411.0,10.0,0.0,6067.0,266.0,0.0,176.0,37.0,30.0,4549.0,1455.0,2532.0,0.0,0.0,0.0,0.0,55.596574402617065,ruim
636691.0,5437.949,18.0,2.0,2.0,30.0,69.0,0.0,0.0,950.0,0.0,0.0,165.0,45.0,38.0,4957.0,8428.0,3090.0,0.0,0.0,0.0,0.0,66.72539802894471,regular
636692.0,3249.525,4.0,0.0,1.0,31.0,199.0,0.0,0.0,3319.0,0.0,0.0,149.0,21.0,19.0,2978.0,424.0,701.0,0.0,0.0,0.0,0.0,62.326897176022044,regular
636694.0,158.143,0.0,0.0,0.0,0.0,0.0,0.0,0.0,0.0,0.0,0.0,3.0,1.0,0.0,8.0,0.0,0.0,0.0,0.0,0.0,0.0,99.32286482350472,otimo
636695.0,4950.125,0.0,3.0,1.0,359.0,7.0,0.0,0.0,57.0,0.0,0.0,67.0,14.0,13.0,2206.0,1773.0,109.0,0.0,0.0,0.0,0.0,55.85259339841817,ruim
636696.0,6718.595,1.0,0.0,0.0,17.0,1.0,0.0,0.0,23.0,0.0,0.0,43.0,17.0,18.0,1102.0,5910.0,1664.0,0.0,0.0,0.0,0.0,83.91499097588601,bom
636697.0,6969.745,0.0,0.0,3.0,109.0,0.0,0.0,0.0,0.0,0.0,0.0,42.0,18.0,17.0,1884.0,3713.0,4423.0,0.0,0.0,0.0,0.0,73.05900750641156,regular
636698.0,6565.88,2.0,0.0,0.0,10.0,0.0,0.0,0.0,0.0,0.0,0.0,26.0,16.0,8.0,325.0,7586.0,1874.0,0.0,0.0,0.0,0.0,87.30055731779541,bom
636701.0,4303.97,57.0,1.0,0.0,4.0,1.0,0.0,0.0,2.0,0.0,0.0,12.0,5.0,3.0,312.0,624.0,1976.0,0.0,0.0,0.0,0.0,86.77988174022752,bom
636702.0,5888.77,73.0,0.0,0.0,46.0,25.0,0.0,0.0,203.0,0.0,0.0,35.0,11.0,12.0,610.0,520.0,1908.0,0.0,0.0,0.0,0.0,78.32602862119828,regular
636705.0,4566.14,15.0,0.0,0.0,46.0,0.0,0.0,0.0,0.0,0.0,0.0,23.0,2.0,0.0,844.0,520.0,0.0,0.0,0.0,0.0,0.0,87.65216133267383,bom
636706.0,6459.6,1.0,0.0,0.0,7.0,0.0,0.0,0.0,0.0,0.0,0.0,36.0,16.0,13.0,416.0,532.0,665.0,0.0,0.0,0.0,0.0,90.84164416455928,otimo
636707.0,3841.9609999999993,9.0,0.0,1.0,56.0,16.0,1.0,0.0,186.0,25.0,0.0,12.0,3.0,5.0,288.0,45.0,1554.0,0.0,0.0,0.0,0.0,82.99465146493334,bom
636709.0,6484.645,3.0,0.0,1.0,12.0,5.0,0.0,0.0,51.0,0.0,0.0,34.0,21.0,9.0,311.0,815.0,416.0,0.0,0.0,0.0,0.0,88.28977807821165,bom
636710.0,4948.315,0.0,0.0,1.0,59.0,4.0,0.0,0.0,20.0,0.0,0.0,24.0,11.0,4.0,363.0,744.0,0.0,0.0,0.0,0.0,0.0,84.79589768341178,bom
636711.0,468.133,0.0,0.0,1.0,18.0,1.0,1.0,0.0,3.0,99.0,0.0,6.0,1.0,1.0,2.0,0.0,0.0,0.0,0.0,0.0,0.0,78.93712392320452,regular
636712.0,4338.214999999999,0.0,0.0,0.0,90.0,0.0,0.0,0.0,0.0,0.0,0.0,12.0,7.0,15.0,624.0,1560.0,2184.0,0.0,0.0,0.0,0.0,74.97105938308846,regular
636713.0,5531.706999999999,4.0,1.0,6.0,38.0,0.0,0.0,0.0,0.0,0.0,0.0,7.0,9.0,6.0,0.0,832.0,624.0,0.0,0.0,0.0,0.0,85.23222210055508,bom
636714.0,5757.44,0.0,0.0,0.0,29.0,0.0,0.0,0.0,0.0,0.0,0.0,16.0,10.0,12.0,728.0,1248.0,1560.0,0.0,0.0,0.0,0.0,86.6007212059041,bom
636716.0,4616.515,1.0,0.0,1.0,112.0,0.0,0.0,0.0,0.0,0.0,0.0,20.0,21.0,13.0,624.0,3222.0,8320.0,0.0,0.0,0.0,0.0,61.20565644300317,regular
636717.0,5523.21,1.0,1.0,0.0,14.0,8.0,0.0,0.0,72.0,0.0,0.0,22.0,7.0,18.0,936.0,416.0,9045.0,0.0,0.0,0.0,0.0,69.17028456400757,regular
636719.0,7202.535000000001,2.0,1.0,0.0,18.0,0.0,0.0,0.0,0.0,0.0,0.0,13.0,4.0,4.0,208.0,208.0,383.0,0.0,0.0,0.0,0.0,94.9294243455691,otimo
636720.0,7331.032999999999,4.0,0.0,1.0,19.0,6.0,0.0,0.0,87.0,0.0,0.0,21.0,7.0,13.0,333.0,234.0,615.0,0.0,0.0,0.0,0.0,91.02395648454387,otimo
636722.0,6603.939999999999,222.0,0.0,3.0,9.0,11.0,0.0,0.0,119.0,0.0,0.0,60.0,9.0,28.0,9358.0,520.0,2079.0,0.0,0.0,0.0,0.0,53.27957668515819,ruim
636723.0,7533.298999999999,0.0,0.0,0.0,47.0,39.0,1.0,0.0,522.0,2.0,0.0,29.0,8.0,36.0,1072.0,415.0,4935.0,0.0,0.0,0.0,0.0,72.86192946592368,regular
636724.0,4711.204000000001,0.0,0.0,14.0,67.0,126.0,2.0,0.0,3283.0,84.0,0.0,19.0,6.0,3.0,118.0,1248.0,312.0,0.0,0.0,0.0,0.0,73.89976217103988,regular
636725.0,5146.088000000001,4.0,0.0,0.0,50.0,81.0,1.0,0.0,975.0,28.0,0.0,15.0,0.0,8.0,638.0,0.0,104.0,0.0,0.0,0.0,0.0,79.55719221108028,regular
636726.0,7919.131,4.0,0.0,2.0,7.0,0.0,0.0,0.0,0.0,0.0,0.0,148.0,42.0,38.0,6193.0,3556.0,398.0,0.0,0.0,0.0,0.0,67.66014588205027,regular
636727.0,8523.329999999998,0.0,0.0,0.0,11.0,0.0,0.0,0.0,0.0,0.0,0.0,38.0,13.0,9.0,2700.0,727.0,1247.0,0.0,0.0,0.0,0.0,83.0250924339655,bom
636728.0,4970.195000000001,39.0,0.0,0.0,15.0,0.0,0.0,0.0,0.0,0.0,0.0,59.0,11.0,6.0,1579.0,832.0,6.0,0.0,0.0,0.0,0.0,75.55237831310492,regular
636730.0,4430.935,3.0,0.0,2.0,46.0,7.0,0.0,0.0,69.0,0.0,0.0,62.0,22.0,33.0,1384.0,1679.0,4399.0,0.0,0.0,0.0,0.0,51.73683593855688,ruim
636732.0,503.93000000000006,0.0,0.0,0.0,0.0,0.0,0.0,0.0,0.0,0.0,0.0,19.0,4.0,3.0,3016.0,208.0,416.0,0.0,0.0,43.0,0.0,91.66666666666667,otimo
636733.0,671.6920000000001,0.0,0.0,0.0,0.0,0.0,0.0,0.0,0.0,0.0,0.0,21.0,4.0,4.0,2288.0,416.0,416.0,1.0,0.0,26.0,0.0,79.12829149185715,regular
636736.0,2748.343,0.0,0.0,0.0,239.0,5.0,0.0,0.0,19.0,0.0,0.0,85.0,60.0,80.0,3203.0,6103.0,4811.0,0.0,0.0,0.0,0.0,42.409470173041576,ruim
636737.0,6300.1900000000005,0.0,4.0,2.0,109.0,66.0,2.0,0.0,1669.0,51.0,0.0,145.0,50.0,138.0,4232.0,1324.0,10303.0,0.0,0.0,0.0,0.0,55.26706644036804,ruim
636738.0,5425.737,0.0,0.0,5.0,324.0,4.0,0.0,0.0,24.0,0.0,0.0,100.0,16.0,24.0,2529.0,270.0,237.0,0.0,0.0,0.0,0.0,58.002876520636434,ruim
636739.0,6061.286,0.0,9.0,7.0,583.0,3.0,0.0,0.0,19.0,0.0,0.0,81.0,27.0,42.0,1830.0,1506.0,3897.0,0.0,0.0,0.0,0.0,42.40948526438951,ruim
636740.0,4601.424999999999,0.0,0.0,0.0,40.0,1.0,0.0,0.0,8.0,0.0,0.0,67.0,28.0,33.0,1177.0,663.0,1133.0,0.0,0.0,0.0,0.0,79.71757899418671,regular
636741.0,5446.630000000001,1.0,0.0,0.0,5.0,0.0,0.0,0.0,0.0,0.0,0.0,71.0,25.0,6.0,7005.0,3119.0,459.0,0.0,0.0,0.0,0.0,64.4518135555387,regular
636742.0,654.145,0.0,0.0,0.0,1.0,0.0,0.0,0.0,0.0,0.0,0.0,10.0,3.0,2.0,585.0,624.0,0.0,0.0,0.0,0.0,0.0,49.25164637796847,ruim
636744.0,5055.8,19.0,0.0,0.0,4.0,0.0,0.0,0.0,0.0,0.0,0.0,39.0,13.0,10.0,1677.0,1976.0,0.0,0.0,0.0,0.0,0.0,77.64816109599528,regular
636745.0,1884.973,1.0,0.0,0.0,0.0,0.0,0.0,0.0,0.0,0.0,0.0,24.0,3.0,3.0,2018.0,0.0,0.0,0.0,0.0,0.0,0.0,69.42256275738745,regular
636746.0,4980.756,24.0,0.0,0.0,61.0,0.0,0.0,0.0,0.0,0.0,0.0,83.0,40.0,125.0,2531.0,5779.0,52803.0,0.0,0.0,0.0,0.0,69.16429990475653,regular
636747.0,5735.745999999999,0.0,5.0,0.0,145.0,0.0,0.0,0.0,0.0,0.0,0.0,78.0,56.0,148.0,2820.0,9975.0,55153.0,0.0,0.0,0.0,0.0,46.65821938037833,ruim
636748.0,7101.759999999999,3.0,0.0,1.0,45.0,1.0,0.0,0.0,2.0,0.0,0.0,23.0,13.0,71.0,471.0,61.0,46978.0,0.0,0.0,0.0,0.0,71.36248869950319,regular
636749.0,6633.77,0.0,0.0,0.0,38.0,0.0,0.0,0.0,0.0,0.0,0.0,23.0,8.0,42.0,152.0,719.0,32308.0,0.0,0.0,0.0,0.0,74.50260939209915,regular
636750.0,4896.519,8.0,0.0,1.0,51.0,1.0,0.0,0.0,7.0,0.0,0.0,55.0,13.0,71.0,3433.0,2204.0,51628.0,0.0,0.0,0.0,0.0,68.04625986165134,regular
636751.0,1445.1110000000006,0.0,0.0,0.0,0.0,0.0,0.0,0.0,0.0,0.0,0.0,35.0,6.0,0.0,278.0,73.0,0.0,0.0,0.0,0.0,0.0,95.99962762149926,otimo
636752.0,5882.7570000000005,1.0,0.0,0.0,15.0,1.0,0.0,0.0,8.0,0.0,0.0,22.0,15.0,96.0,1966.0,918.0,73342.0,0.0,0.0,0.0,0.0,69.50978398771109,regular
636753.0,7740.989999999999,17.0,0.0,1.0,24.0,1.0,0.0,0.0,14.0,0.0,0.0,68.0,46.0,33.0,791.0,1456.0,416.0,0.0,0.0,0.0,0.0,84.52868963721207,bom
636754.0,5480.219999999999,15.0,63.0,4.0,152.0,3.0,0.0,0.0,19.0,0.0,0.0,77.0,19.0,43.0,2424.0,1958.0,1632.0,0.0,0.0,0.0,0.0,48.31941690421433,ruim
636755.0,5677.075999999999,1.0,0.0,0.0,0.0,1.0,0.0,0.0,10.0,0.0,0.0,61.0,25.0,38.0,2034.0,49.0,208.0,0.0,0.0,0.0,0.0,84.08126659343709,bom
636756.0,6836.3200000000015,0.0,0.0,0.0,11.0,8.0,0.0,0.0,170.0,0.0,0.0,98.0,63.0,51.0,1372.0,4398.0,1918.0,0.0,0.0,0.0,0.0,78.30545144637644,regular
636757.0,6169.24,1.0,1.0,0.0,43.0,0.0,0.0,0.0,0.0,0.0,0.0,114.0,42.0,54.0,2926.0,2366.0,1075.0,0.0,0.0,0.0,0.0,67.61759703113837,regular
636758.0,6252.268999999999,6.0,2.0,0.0,28.0,0.0,0.0,0.0,0.0,0.0,0.0,76.0,32.0,34.0,3848.0,2392.0,3120.0,0.0,0.0,0.0,0.0,69.84355067321876,regular
636759.0,2857.485,0.0,0.0,0.0,2.0,2.0,0.0,0.0,31.0,0.0,0.0,25.0,12.0,14.0,520.0,104.0,0.0,0.0,0.0,0.0,0.0,90.99745828684948,otimo
636761.0,7788.749000000001,2.0,0.0,0.0,5.0,24.0,0.0,0.0,263.0,0.0,0.0,66.0,5.0,9.0,2902.0,0.0,674.0,0.0,0.0,0.0,0.0,82.18951741857262,bom
636762.0,751.192,0.0,0.0,0.0,2.0,3.0,0.0,0.0,19.0,0.0,0.0,1.0,0.0,0.0,0.0,0.0,0.0,0.0,0.0,0.0,0.0,98.1991248183875,otimo
636763.0,1100.97,0.0,0.0,0.0,1.0,0.0,0.0,0.0,0.0,0.0,0.0,10.0,0.0,0.0,312.0,0.0,0.0,0.0,0.0,0.0,0.0,91.10708734164685,otimo
636764.0,6426.246000000001,327.0,0.0,0.0,65.0,8.0,0.0,0.0,70.0,0.0,0.0,95.0,32.0,14.0,3007.0,3989.0,2981.0,0.0,0.0,0.0,0.0,56.659076292061535,ruim
636766.0,5571.406999999999,2.0,0.0,0.0,46.0,0.0,0.0,0.0,0.0,0.0,0.0,7.0,2.0,0.0,0.0,104.0,0.0,0.0,0.0,0.0,0.0,93.54445772625888,otimo
636767.0,6545.3,7.0,0.0,0.0,16.0,1.0,0.0,0.0,11.0,0.0,0.0,27.0,12.0,11.0,1275.0,1247.0,2293.0,0.0,0.0,0.0,0.0,91.90960619994227,otimo
636768.0,3093.7509999999997,0.0,0.0,1.0,14.0,0.0,0.0,0.0,0.0,0.0,0.0,7.0,2.0,2.0,728.0,0.0,0.0,0.0,0.0,0.0,0.0,93.36635109545568,otimo
636769.0,5259.255,69.0,0.0,0.0,36.0,10.0,0.0,0.0,36.0,0.0,0.0,70.0,18.0,61.0,1189.0,527.0,8700.0,0.0,0.0,0.0,0.0,72.8378104340206,regular
636770.0,4588.843,0.0,0.0,0.0,34.0,3.0,0.0,0.0,28.0,0.0,0.0,50.0,6.0,2.0,5205.0,1534.0,104.0,0.0,0.0,0.0,0.0,75.31760682815445,regular
636771.0,1010.072,0.0,0.0,0.0,2.0,2.0,0.0,0.0,25.0,0.0,0.0,2.0,1.0,0.0,0.0,0.0,0.0,0.0,0.0,0.0,0.0,98.73670386471593,otimo
636773.0,5762.166000000001,0.0,0.0,0.0,5.0,1.0,0.0,0.0,4.0,0.0,0.0,13.0,3.0,12.0,210.0,0.0,761.0,0.0,0.0,0.0,0.0,91.47251485453222,otimo
636775.0,6680.931,0.0,0.0,0.0,15.0,0.0,0.0,0.0,0.0,0.0,0.0,17.0,3.0,3.0,1122.0,104.0,0.0,0.0,0.0,0.0,0.0,95.45178568032975,otimo
636776.0,8924.265,17.0,1.0,0.0,31.0,17.0,0.0,0.0,169.0,0.0,0.0,77.0,3.0,3.0,2552.0,0.0,7.0,0.0,0.0,0.0,0.0,86.76559688220455,bom
636777.0,6686.210000000001,55.0,0.0,0.0,44.0,22.0,0.0,0.0,411.0,0.0,0.0,148.0,12.0,8.0,17421.0,2028.0,1319.0,0.0,0.0,0.0,0.0,62.74522605346585,regular
636779.0,4412.38,1.0,0.0,0.0,15.0,3.0,0.0,0.0,25.0,0.0,0.0,15.0,6.0,3.0,728.0,832.0,2912.0,0.0,0.0,0.0,0.0,85.62339986121594,bom
636780.0,3884.495999999999,1.0,0.0,0.0,24.0,10.0,0.0,0.0,46.0,0.0,0.0,15.0,11.0,15.0,911.0,986.0,3450.0,0.0,0.0,0.0,0.0,83.97250101413199,bom
636782.0,5008.19,13.0,0.0,0.0,56.0,2.0,0.0,0.0,27.0,0.0,0.0,17.0,11.0,8.0,1765.0,1144.0,1872.0,0.0,0.0,0.0,0.0,80.2867106556344,bom
636783.0,3149.685,1.0,1.0,0.0,74.0,0.0,0.0,0.0,0.0,0.0,0.0,18.0,5.0,1.0,0.0,520.0,0.0,0.0,0.0,0.0,0.0,84.29517501353857,bom
636785.0,4334.745,4.0,1.0,0.0,76.0,1.0,0.0,0.0,8.0,0.0,0.0,56.0,40.0,18.0,4370.0,12937.0,11470.0,0.0,0.0,0.0,0.0,67.20265265289991,regular
636786.0,3995.3400000000006,2.0,0.0,0.0,118.0,2.0,0.0,0.0,12.0,0.0,0.0,11.0,4.0,3.0,104.0,520.0,0.0,0.0,0.0,0.0,0.0,79.4798142180959,regular
636787.0,4502.485,1.0,0.0,0.0,83.0,48.0,2.0,0.0,934.0,63.0,0.0,19.0,7.0,9.0,860.0,624.0,2704.0,0.0,0.0,0.0,0.0,71.00366427933686,regular
636788.0,4871.008000000001,5.0,0.0,0.0,7.0,1.0,0.0,0.0,6.0,0.0,0.0,14.0,4.0,7.0,1045.0,494.0,4160.0,0.0,0.0,0.0,0.0,81.97741609475966,bom
636789.0,4213.155,0.0,0.0,0.0,50.0,8.0,0.0,0.0,65.0,0.0,0.0,29.0,11.0,1.0,940.0,1464.0,32.0,0.0,0.0,0.0,0.0,75.41319233640417,regular
636790.0,6778.789999999999,1.0,0.0,0.0,104.0,2.0,0.0,0.0,27.0,0.0,0.0,33.0,16.0,27.0,1312.0,657.0,2766.0,0.0,0.0,0.0,0.0,75.80215011379126,regular
636791.0,4825.251,1.0,0.0,1.0,12.0,0.0,0.0,0.0,0.0,0.0,0.0,20.0,11.0,6.0,855.0,2633.0,779.0,0.0,0.0,0.0,0.0,83.80311718898903,bom
636793.0,4210.570000000001,0.0,0.0,2.0,15.0,0.0,0.0,0.0,0.0,0.0,0.0,11.0,5.0,10.0,104.0,728.0,6.0,0.0,0.0,0.0,0.0,93.06972879260036,otimo
636794.0,3196.84,4.0,0.0,1.0,29.0,9.0,0.0,0.0,73.0,0.0,0.0,24.0,7.0,7.0,804.0,175.0,1349.0,0.0,0.0,0.0,0.0,86.04531603308261,bom
636795.0,4705.110000000001,10.0,0.0,0.0,97.0,2.0,0.0,0.0,9.0,0.0,0.0,18.0,12.0,7.0,889.0,2704.0,2605.0,0.0,0.0,0.0,0.0,66.66424423651313,regular
636796.0,3264.465,1.0,0.0,0.0,45.0,1.0,0.0,0.0,8.0,0.0,0.0,16.0,4.0,6.0,1560.0,832.0,2704.0,0.0,0.0,0.0,0.0,74.7534447686429,regular
636797.0,4156.211,98.0,0.0,2.0,96.0,0.0,0.0,0.0,0.0,0.0,0.0,15.0,10.0,4.0,473.0,1768.0,936.0,0.0,0.0,0.0,0.0,68.14327583028675,regular
636798.0,4541.429999999999,0.0,0.0,0.0,9.0,4.0,0.0,0.0,47.0,0.0,0.0,14.0,8.0,5.0,1400.0,520.0,0.0,0.0,0.0,0.0,0.0,93.0894546636433,otimo
636799.0,3839.695,0.0,0.0,0.0,10.0,0.0,0.0,0.0,0.0,0.0,0.0,11.0,8.0,7.0,0.0,1352.0,1144.0,0.0,0.0,0.0,0.0,88.66216981208397,bom
636801.0,1707.445,1.0,0.0,0.0,12.0,15.0,0.0,0.0,97.0,0.0,0.0,2.0,2.0,0.0,68.0,20.0,0.0,0.0,0.0,0.0,0.0,92.77162622855892,otimo
636802.0,4366.09,1.0,1.0,0.0,18.0,0.0,0.0,0.0,0.0,0.0,0.0,28.0,4.0,9.0,2392.0,0.0,3119.0,0.0,0.0,0.0,0.0,83.01405811132459,bom
636803.0,4399.880999999999,15.0,0.0,0.0,103.0,0.0,0.0,0.0,0.0,0.0,0.0,10.0,4.0,2.0,782.0,558.0,0.0,0.0,0.0,0.0,0.0,82.46333416689201,bom
636804.0,7307.294999999999,43.0,1.0,0.0,27.0,0.0,0.0,0.0,0.0,0.0,0.0,53.0,25.0,36.0,698.0,1329.0,10254.0,0.0,0.0,0.0,0.0,74.09700440689483,regular
636805.0,4752.080999999999,2.0,0.0,0.0,108.0,0.0,0.0,0.0,0.0,0.0,0.0,23.0,8.0,8.0,391.0,1832.0,216.0,0.0,0.0,0.0,0.0,85.11318664507415,bom
636806.0,6206.295,28.0,1.0,1.0,77.0,8.0,0.0,0.0,58.0,0.0,0.0,41.0,19.0,37.0,769.0,1352.0,6363.0,0.0,0.0,0.0,0.0,66.51884766176781,regular
636808.0,4308.905000000001,0.0,0.0,0.0,37.0,12.0,0.0,0.0,74.0,0.0,0.0,13.0,6.0,6.0,104.0,416.0,1455.0,0.0,0.0,0.0,0.0,88.9453015602982,bom
636810.0,5841.834999999999,9.0,0.0,0.0,17.0,17.0,0.0,0.0,115.0,0.0,0.0,10.0,8.0,9.0,316.0,1716.0,3328.0,0.0,0.0,0.0,0.0,90.64401325535503,otimo
636811.0,6323.425,1.0,0.0,2.0,138.0,9.0,0.0,0.0,93.0,0.0,0.0,47.0,14.0,14.0,1433.0,2306.0,3144.0,0.0,0.0,0.0,0.0,67.35552533804838,regular
636812.0,6575.401,0.0,0.0,0.0,74.0,0.0,0.0,0.0,0.0,0.0,0.0,18.0,8.0,10.0,1666.0,1287.0,764.0,0.0,0.0,0.0,0.0,81.65516907055886,bom
636813.0,9738.695000000002,167.0,0.0,0.0,6.0,19.0,0.0,0.0,163.0,0.0,0.0,90.0,12.0,50.0,4159.0,208.0,4812.0,0.0,0.0,0.0,0.0,67.20766282224992,regular
636814.0,7616.794999999998,0.0,0.0,0.0,39.0,0.0,0.0,0.0,0.0,0.0,0.0,42.0,21.0,21.0,520.0,2291.0,4680.0,0.0,0.0,0.0,0.0,72.2415197031083,regular
636816.0,6920.614,0.0,0.0,4.0,39.0,35.0,0.0,0.0,209.0,0.0,0.0,44.0,25.0,29.0,787.0,2808.0,7488.0,0.0,0.0,0.0,0.0,82.93547742038265,bom
636817.0,4985.914,3.0,0.0,0.0,20.0,354.0,0.0,0.0,17969.0,0.0,0.0,34.0,6.0,4.0,1055.0,104.0,312.0,0.0,0.0,0.0,0.0,75.4370163271107,regular
636819.0,7578.299999999999,1.0,0.0,0.0,190.0,10.0,0.0,0.0,57.0,0.0,0.0,23.0,1.0,1.0,580.0,0.0,0.0,0.0,0.0,0.0,0.0,80.67410988436424,bom
636820.0,4568.009,0.0,0.0,0.0,30.0,1.0,0.0,0.0,21.0,0.0,0.0,22.0,9.0,23.0,832.0,631.0,4060.0,0.0,0.0,0.0,0.0,68.61323943901127,regular
636821.0,5349.51,24.0,0.0,0.0,8.0,13.0,0.0,0.0,192.0,0.0,0.0,84.0,7.0,32.0,7700.0,0.0,3945.0,0.0,0.0,0.0,0.0,66.11248008151611,regular
636822.0,6035.662,13.0,0.0,0.0,37.0,14.0,0.0,0.0,49.0,0.0,0.0,37.0,10.0,3.0,326.0,902.0,360.0,0.0,0.0,0.0,0.0,84.34613950512583,bom
636823.0,6113.799,1.0,0.0,0.0,24.0,0.0,0.0,0.0,0.0,0.0,0.0,73.0,2.0,3.0,7622.0,0.0,0.0,0.0,0.0,0.0,0.0,80.73008538299736,bom
636824.0,7031.590000000001,0.0,0.0,0.0,34.0,28.0,1.0,1.0,380.0,21.0,34.0,25.0,16.0,12.0,1352.0,1872.0,5420.0,0.0,0.0,0.0,0.0,80.27557023918926,bom
636825.0,7081.615000000001,4.0,0.0,0.0,74.0,77.0,0.0,0.0,592.0,0.0,0.0,23.0,3.0,5.0,520.0,208.0,624.0,0.0,0.0,0.0,0.0,82.6399941830506,bom
636827.0,6920.177000000001,0.0,0.0,3.0,80.0,33.0,0.0,0.0,368.0,0.0,0.0,26.0,1.0,8.0,251.0,0.0,1184.0,0.0,0.0,0.0,0.0,85.17538347804134,bom
636828.0,1480.3370000000002,2.0,0.0,0.0,3.0,94.0,1.0,0.0,1263.0,16.0,0.0,3.0,0.0,0.0,208.0,0.0,0.0,0.0,0.0,0.0,0.0,69.23119842257628,regular
636829.0,2069.494,86.0,0.0,0.0,0.0,2.0,0.0,0.0,9.0,0.0,0.0,12.0,4.0,14.0,0.0,312.0,520.0,0.0,0.0,0.0,0.0,69.35528655318197,regular
636830.0,8342.442,0.0,0.0,0.0,7.0,0.0,0.0,0.0,0.0,0.0,0.0,15.0,8.0,23.0,1372.0,1424.0,2183.0,0.0,0.0,0.0,0.0,91.52024550455697,otimo
636831.0,4603.005,0.0,0.0,0.0,103.0,5.0,0.0,0.0,42.0,0.0,0.0,19.0,4.0,3.0,1406.0,208.0,936.0,0.0,0.0,0.0,0.0,69.22504702291229,regular
636832.0,25.157,0.0,0.0,0.0,4.0,0.0,0.0,0.0,0.0,0.0,0.0,1.0,1.0,0.0,3.0,3.0,0.0,0.0,0.0,0.0,0.0,81.91814595660749,bom
636833.0,2891.05,0.0,0.0,0.0,9.0,19.0,1.0,0.0,163.0,17.0,0.0,22.0,2.0,5.0,141.0,0.0,211.0,0.0,0.0,0.0,0.0,88.89592382778417,bom
636835.0,6289.290999999999,0.0,0.0,1.0,14.0,14.0,0.0,0.0,225.0,0.0,0.0,57.0,14.0,10.0,1432.0,696.0,302.0,0.0,0.0,0.0,0.0,82.4942209662806,bom
636836.0,5344.691,1.0,0.0,0.0,53.0,85.0,1.0,0.0,963.0,35.0,0.0,63.0,6.0,25.0,2010.0,728.0,2837.0,0.0,0.0,0.0,0.0,71.24766865795301,regular
636838.0,4905.459999999999,1.0,2.0,4.0,17.0,2.0,0.0,0.0,15.0,0.0,0.0,123.0,46.0,35.0,4494.0,5267.0,7417.0,0.0,0.0,0.0,0.0,73.67454548451884,regular
636839.0,5276.18,10.0,0.0,0.0,15.0,1.0,0.0,0.0,5.0,0.0,0.0,8.0,2.0,3.0,0.0,0.0,23.0,0.0,0.0,0.0,0.0,97.95006999297269,otimo
636840.0,6224.396000000001,0.0,1.0,3.0,17.0,110.0,0.0,0.0,1054.0,0.0,0.0,31.0,8.0,8.0,1381.0,1243.0,819.0,0.0,0.0,0.0,0.0,73.8400334250343,regular
636842.0,4594.628999999999,0.0,0.0,0.0,12.0,17.0,0.0,0.0,162.0,0.0,0.0,29.0,4.0,4.0,1459.0,1248.0,728.0,0.0,0.0,0.0,0.0,89.07947205593308,bom
636844.0,5510.15,1.0,0.0,0.0,104.0,2.0,0.0,0.0,34.0,0.0,0.0,19.0,2.0,7.0,208.0,104.0,865.0,0.0,0.0,0.0,0.0,84.34258608659378,bom
636845.0,4252.57,0.0,95.0,4.0,182.0,316.0,1.0,0.0,3773.0,18.0,0.0,82.0,34.0,51.0,1892.0,2230.0,4516.0,0.0,0.0,0.0,0.0,41.874965079972085,ruim
636847.0,5576.457000000001,0.0,0.0,0.0,13.0,0.0,0.0,0.0,0.0,0.0,0.0,20.0,1.0,4.0,667.0,0.0,208.0,0.0,0.0,0.0,0.0,90.31050231546423,otimo
636848.0,6549.175,4.0,0.0,0.0,25.0,0.0,0.0,0.0,0.0,0.0,0.0,38.0,11.0,58.0,1144.0,141.0,37877.0,0.0,0.0,0.0,0.0,76.84653663333476,regular
636849.0,5703.504000000001,0.0,0.0,0.0,7.0,1.0,0.0,0.0,14.0,0.0,0.0,43.0,13.0,63.0,3049.0,4503.0,28718.0,0.0,0.0,0.0,0.0,73.32580915460032,regular
636850.0,5296.704000000001,1.0,0.0,3.0,42.0,24.0,0.0,0.0,150.0,0.0,0.0,47.0,26.0,52.0,1006.0,3080.0,34752.0,0.0,0.0,0.0,0.0,65.8989927868851,regular
636851.0,3005.8849999999998,2.0,0.0,0.0,7.0,1.0,0.0,0.0,18.0,0.0,0.0,22.0,9.0,14.0,2968.0,2638.0,10185.0,0.0,0.0,0.0,0.0,86.46159451786069,bom
636854.0,5459.665,0.0,0.0,1.0,29.0,2.0,0.0,0.0,35.0,0.0,0.0,54.0,16.0,38.0,3254.0,1967.0,30788.0,0.0,0.0,0.0,0.0,80.99429062927688,bom
636855.0,5619.742,6.0,0.0,0.0,100.0,119.0,2.0,0.0,1601.0,63.0,0.0,87.0,21.0,40.0,1674.0,873.0,5695.0,0.0,0.0,0.0,0.0,55.42806378296892,ruim
636856.0,98.57900000000001,1.0,0.0,0.0,3.0,4.0,3.0,2.0,110.0,382.0,380.0,3.0,0.0,0.0,96.0,0.0,0.0,0.0,0.0,0.0,0.0,76.56019667284183,regular
636859.0,3657.606,0.0,1.0,0.0,88.0,0.0,0.0,0.0,0.0,0.0,0.0,73.0,7.0,8.0,10068.0,1020.0,0.0,0.0,0.0,0.0,0.0,61.68733230076951,regular
636860.0,3100.559,0.0,0.0,0.0,5.0,0.0,0.0,0.0,0.0,0.0,0.0,58.0,9.0,8.0,2814.0,520.0,1248.0,0.0,0.0,0.0,0.0,74.87099023477434,regular
636861.0,4720.750000000001,0.0,1.0,0.0,171.0,326.0,3.0,0.0,7381.0,191.0,0.0,169.0,37.0,48.0,5433.0,1748.0,2477.0,0.0,0.0,0.0,0.0,45.59543433985397,ruim
636862.0,2752.7450000000003,1.0,0.0,1.0,12.0,0.0,0.0,0.0,0.0,0.0,0.0,27.0,6.0,2.0,2235.0,1523.0,1348.0,0.0,0.0,0.0,0.0,75.31488539144696,regular
636863.0,5791.79,0.0,0.0,1.0,57.0,8.0,0.0,0.0,36.0,0.0,0.0,47.0,11.0,16.0,1403.0,449.0,2683.0,0.0,0.0,0.0,0.0,78.93473221790246,regular
636864.0,4201.736000000001,3.0,0.0,0.0,56.0,0.0,0.0,0.0,0.0,0.0,0.0,9.0,9.0,0.0,505.0,6365.0,0.0,0.0,0.0,0.0,0.0,79.95419095421757,regular
636866.0,4644.901000000001,0.0,2.0,0.0,85.0,0.0,0.0,0.0,0.0,0.0,0.0,89.0,27.0,59.0,2371.0,2369.0,1680.0,0.0,0.0,0.0,0.0,59.60476631753967,ruim
636867.0,774.457,0.0,0.0,0.0,1.0,0.0,0.0,0.0,0.0,0.0,0.0,2.0,0.0,0.0,104.0,0.0,0.0,0.0,0.0,0.0,0.0,98.15112395815835,otimo
636868.0,4607.69,0.0,0.0,0.0,74.0,3.0,0.0,0.0,7.0,0.0,0.0,43.0,3.0,5.0,4001.0,0.0,208.0,0.0,0.0,0.0,0.0,75.98567942314997,regular
636869.0,4910.308999999998,213.0,0.0,0.0,44.0,75.0,0.0,0.0,1155.0,0.0,0.0,25.0,3.0,4.0,305.0,202.0,125.0,0.0,0.0,0.0,0.0,68.96948858828502,regular
636870.0,409.129,0.0,0.0,0.0,11.0,0.0,0.0,0.0,0.0,0.0,0.0,4.0,1.0,0.0,392.0,0.0,0.0,0.0,0.0,0.0,0.0,58.89742609720111,ruim
636871.0,5897.150999999999,13.0,0.0,0.0,51.0,0.0,0.0,0.0,0.0,0.0,0.0,31.0,4.0,9.0,1326.0,0.0,0.0,0.0,0.0,0.0,0.0,88.86974510663539,bom
636872.0,6987.071,2.0,0.0,1.0,111.0,650.0,0.0,0.0,11897.0,0.0,0.0,84.0,12.0,27.0,3665.0,325.0,3861.0,0.0,0.0,0.0,0.0,46.05959642455926,ruim
636873.0,3969.1680000000006,9.0,0.0,0.0,119.0,21.0,0.0,0.0,219.0,0.0,0.0,65.0,15.0,31.0,1746.0,152.0,1511.0,0.0,0.0,0.0,0.0,50.783398489936076,ruim
636874.0,6646.0599999999995,0.0,0.0,0.0,1.0,0.0,0.0,0.0,0.0,0.0,0.0,29.0,2.0,7.0,1459.0,0.0,214.0,0.0,0.0,0.0,0.0,91.3648938603683,otimo
636875.0,10436.757999999998,295.0,0.0,0.0,31.0,130.0,0.0,0.0,1161.0,0.0,0.0,217.0,47.0,57.0,13657.0,2798.0,2815.0,0.0,0.0,0.0,0.0,55.20125460738286,ruim
636876.0,5854.08,0.0,0.0,0.0,87.0,279.0,12.0,0.0,4019.0,522.0,0.0,50.0,12.0,17.0,2704.0,1664.0,2288.0,0.0,0.0,0.0,0.0,53.284894206301104,ruim
636877.0,4123.867,2.0,0.0,0.0,22.0,90.0,0.0,0.0,1145.0,0.0,0.0,12.0,0.0,0.0,256.0,0.0,0.0,0.0,0.0,0.0,0.0,84.63294385197632,bom
636878.0,5129.619,0.0,0.0,1.0,46.0,8.0,0.0,0.0,94.0,0.0,0.0,25.0,9.0,26.0,639.0,104.0,3389.0,0.0,0.0,0.0,0.0,85.9311615182326,bom
636881.0,908.97,0.0,0.0,0.0,6.0,0.0,0.0,0.0,0.0,0.0,0.0,1.0,1.0,0.0,0.0,0.0,0.0,0.0,0.0,0.0,0.0,95.87704989558387,otimo
636882.0,3803.675,0.0,0.0,0.0,47.0,0.0,0.0,0.0,0.0,0.0,0.0,23.0,17.0,10.0,1566.0,3853.0,1388.0,0.0,0.0,0.0,0.0,81.79228809508142,bom
636883.0,2898.3650000000002,0.0,0.0,0.0,20.0,0.0,0.0,0.0,0.0,0.0,0.0,25.0,12.0,13.0,641.0,736.0,4877.0,0.0,0.0,0.0,0.0,73.06585521563217,regular
636884.0,6375.805,1.0,0.0,0.0,76.0,203.0,0.0,0.0,3869.0,0.0,0.0,124.0,5.0,2.0,26707.0,416.0,0.0,0.0,0.0,0.0,0.0,48.9364172361922,ruim
636885.0,5237.316000000001,5.0,0.0,1.0,42.0,7.0,0.0,0.0,81.0,0.0,0.0,21.0,3.0,5.0,944.0,104.0,520.0,0.0,0.0,0.0,0.0,84.17527573803457,bom
636886.0,4109.572000000001,0.0,0.0,4.0,131.0,13.0,0.0,0.0,90.0,0.0,0.0,41.0,18.0,14.0,1324.0,812.0,1560.0,0.0,0.0,0.0,0.0,64.05686288226659,regular
636887.0,4197.0419999999995,12.0,0.0,7.0,167.0,419.0,63.0,6.0,15286.0,5609.0,1133.0,128.0,16.0,43.0,5582.0,921.0,4885.0,0.0,0.0,0.0,0.0,36.44228981159002,pessimo
636888.0,3779.4900000000007,0.0,0.0,1.0,90.0,13.0,0.0,0.0,114.0,0.0,0.0,43.0,20.0,20.0,538.0,1976.0,677.0,0.0,0.0,0.0,0.0,64.78224228386155,regular
636889.0,5075.987,0.0,0.0,2.0,90.0,515.0,16.0,3.0,13315.0,735.0,206.0,170.0,57.0,63.0,7346.0,4052.0,7553.0,0.0,0.0,0.0,0.0,45.956772741168145,ruim
636890.0,5924.105,0.0,0.0,0.0,42.0,0.0,0.0,0.0,0.0,0.0,0.0,29.0,4.0,10.0,1040.0,1082.0,208.0,0.0,0.0,0.0,0.0,88.04807582959445,bom
636891.0,3350.7580000000003,78.0,0.0,0.0,20.0,313.0,18.0,1.0,5035.0,825.0,42.0,72.0,6.0,5.0,2593.0,403.0,426.0,0.0,0.0,0.0,0.0,59.6937374105726,ruim
636893.0,5390.564999999999,1.0,0.0,0.0,11.0,0.0,0.0,0.0,0.0,0.0,0.0,47.0,6.0,10.0,2600.0,1456.0,1248.0,0.0,0.0,0.0,0.0,66.97517531170743,regular
636894.0,5601.756000000001,2.0,3.0,3.0,312.0,27.0,0.0,0.0,198.0,0.0,0.0,96.0,37.0,66.0,1154.0,1574.0,3955.0,0.0,0.0,0.0,0.0,47.66647221690877,ruim
636896.0,4909.236,3.0,3.0,0.0,137.0,190.0,0.0,0.0,2485.0,0.0,0.0,90.0,18.0,45.0,1258.0,693.0,3458.0,0.0,0.0,0.0,0.0,60.2222927938586,regular
636897.0,6893.624999999999,1.0,0.0,0.0,31.0,0.0,0.0,0.0,0.0,0.0,0.0,95.0,17.0,38.0,5077.0,464.0,3547.0,0.0,0.0,0.0,0.0,66.71641377972978,regular
636898.0,3149.987,106.0,0.0,0.0,8.0,1.0,0.0,0.0,4.0,0.0,0.0,13.0,3.0,5.0,261.0,0.0,0.0,0.0,0.0,0.0,0.0,89.28344586165178,bom
636899.0,3121.105,0.0,1.0,1.0,22.0,0.0,0.0,0.0,0.0,0.0,0.0,44.0,19.0,10.0,3440.0,6232.0,3186.0,0.0,0.0,0.0,0.0,74.40904655716206,regular
636900.0,4984.16,9.0,0.0,0.0,88.0,5.0,0.0,0.0,13.0,0.0,0.0,61.0,14.0,8.0,1909.0,1904.0,2430.0,0.0,0.0,0.0,0.0,76.09218094439794,regular
636901.0,4900.875999999999,0.0,0.0,0.0,35.0,11.0,0.0,0.0,90.0,0.0,0.0,8.0,6.0,8.0,217.0,416.0,631.0,0.0,0.0,0.0,0.0,90.06948423030454,otimo
636902.0,4827.75,0.0,0.0,0.0,1.0,0.0,0.0,0.0,0.0,0.0,0.0,64.0,2.0,13.0,4160.0,0.0,2704.0,0.0,0.0,0.0,0.0,70.25256460257424,regular
636903.0,817.332,43.0,0.0,0.0,3.0,0.0,0.0,0.0,0.0,0.0,0.0,0.0,0.0,0.0,0.0,0.0,0.0,0.0,0.0,0.0,0.0,91.85797788163866,otimo
636904.0,4899.333,15.0,0.0,1.0,61.0,4.0,0.0,0.0,48.0,0.0,0.0,18.0,6.0,11.0,416.0,1664.0,2808.0,0.0,0.0,0.0,0.0,83.46030545728502,bom
636905.0,4573.726000000001,51.0,0.0,4.0,320.0,12.0,0.0,0.0,52.0,0.0,0.0,17.0,15.0,24.0,429.0,3101.0,14129.0,0.0,0.0,0.0,0.0,52.47044388496629,ruim
636906.0,5257.875,0.0,0.0,0.0,46.0,0.0,0.0,0.0,0.0,0.0,0.0,32.0,21.0,18.0,1088.0,1248.0,4657.0,0.0,0.0,0.0,0.0,65.86809773120481,regular
636908.0,6111.731999999999,1.0,0.0,0.0,26.0,3.0,0.0,0.0,44.0,0.0,0.0,30.0,6.0,12.0,1788.0,1248.0,3454.0,0.0,0.0,0.0,0.0,84.58044964345048,bom
636909.0,6227.665000000001,0.0,0.0,0.0,24.0,0.0,0.0,0.0,0.0,0.0,0.0,18.0,8.0,8.0,728.0,5096.0,5304.0,0.0,0.0,0.0,0.0,73.50978399013748,regular
636910.0,3074.9920000000006,1.0,0.0,0.0,54.0,6.0,0.0,0.0,70.0,0.0,0.0,16.0,5.0,5.0,193.0,281.0,563.0,0.0,0.0,0.0,0.0,79.77836732163031,regular
636911.0,4400.548000000001,0.0,0.0,1.0,86.0,6.0,0.0,0.0,32.0,0.0,0.0,40.0,19.0,30.0,651.0,1781.0,3135.0,0.0,0.0,0.0,0.0,70.29159789950742,regular
636912.0,4368.485,33.0,0.0,0.0,20.0,3.0,0.0,0.0,37.0,0.0,0.0,36.0,7.0,13.0,1976.0,1768.0,2912.0,0.0,0.0,0.0,0.0,73.32103553499547,regular
636913.0,3132.706,0.0,0.0,0.0,5.0,0.0,0.0,0.0,0.0,0.0,0.0,51.0,6.0,12.0,1860.0,624.0,416.0,0.0,0.0,0.0,0.0,70.52131278980283,regular
636914.0,3629.8650000000002,2.0,0.0,0.0,25.0,71.0,6.0,0.0,1262.0,185.0,0.0,39.0,13.0,23.0,651.0,1310.0,2914.0,0.0,0.0,0.0,0.0,62.33053456842822,regular
636915.0,6796.1849999999995,0.0,0.0,1.0,60.0,30.0,0.0,0.0,297.0,0.0,0.0,43.0,12.0,12.0,3744.0,1040.0,3120.0,0.0,0.0,0.0,0.0,72.71799102675627,regular
636916.0,4970.0869999999995,6.0,0.0,0.0,16.0,0.0,0.0,0.0,0.0,0.0,0.0,102.0,28.0,27.0,1383.0,1745.0,326.0,0.0,0.0,0.0,0.0,72.84719413960099,regular
636922.0,4502.603,10.0,0.0,0.0,18.0,0.0,0.0,0.0,0.0,0.0,0.0,86.0,11.0,21.0,8346.0,832.0,1264.0,0.0,0.0,0.0,0.0,54.22384753925689,ruim
636923.0,904.1030000000002,0.0,0.0,0.0,1.0,0.0,0.0,0.0,0.0,0.0,0.0,39.0,11.0,9.0,301.0,20.0,41.0,0.0,0.0,0.0,0.0,89.7040467800849,bom
636924.0,986.225,3.0,0.0,0.0,0.0,0.0,0.0,0.0,0.0,0.0,0.0,62.0,12.0,21.0,321.0,113.0,917.0,0.0,0.0,0.0,0.0,71.20938314605628,regular
636925.0,5636.374,11.0,0.0,0.0,191.0,23.0,0.0,0.0,190.0,0.0,0.0,90.0,20.0,52.0,2592.0,644.0,3949.0,0.0,0.0,0.0,0.0,61.86717396446456,regular
636927.0,5346.796999999999,2.0,0.0,0.0,130.0,0.0,0.0,0.0,0.0,0.0,0.0,17.0,2.0,7.0,10.0,9.0,129.0,0.0,0.0,0.0,0.0,82.82352045841765,bom
636929.0,6809.620000000001,0.0,0.0,0.0,90.0,1.0,0.0,0.0,3.0,0.0,0.0,74.0,17.0,19.0,5569.0,624.0,7841.0,0.0,0.0,0.0,0.0,75.18092355209671,regular
636930.0,7101.612,1.0,0.0,0.0,109.0,36.0,0.0,0.0,181.0,0.0,0.0,77.0,15.0,21.0,4157.0,2976.0,5969.0,0.0,0.0,0.0,0.0,64.35366199225919,regular
636932.0,3909.733,20.0,0.0,0.0,22.0,0.0,0.0,0.0,0.0,0.0,0.0,11.0,3.0,18.0,312.0,520.0,12232.0,0.0,0.0,0.0,0.0,77.76396027678376,regular
636934.0,6498.4220000000005,0.0,0.0,0.0,5.0,266.0,0.0,0.0,5233.0,0.0,0.0,25.0,0.0,0.0,1560.0,0.0,0.0,0.0,0.0,0.0,0.0,76.58403091874601,regular
636936.0,6422.186,0.0,0.0,0.0,12.0,323.0,0.0,0.0,18033.0,0.0,0.0,128.0,1.0,10.0,19184.0,0.0,695.0,0.0,0.0,0.0,0.0,59.51690743341878,ruim
636937.0,6178.8949999999995,1.0,1.0,1.0,43.0,0.0,0.0,0.0,0.0,0.0,0.0,25.0,5.0,14.0,1290.0,104.0,1125.0,0.0,0.0,0.0,0.0,86.06925181013511,bom
636938.0,6220.039999999999,10.0,0.0,0.0,17.0,7.0,0.0,0.0,39.0,0.0,0.0,59.0,5.0,15.0,6690.0,208.0,667.0,0.0,0.0,0.0,0.0,80.82743460551696,bom
636940.0,7427.835000000001,0.0,0.0,1.0,28.0,1.0,0.0,0.0,7.0,0.0,0.0,35.0,3.0,21.0,1976.0,104.0,7799.0,0.0,0.0,0.0,0.0,78.94778450595295,regular
636941.0,4592.280000000001,59.0,0.0,0.0,8.0,6.0,0.0,0.0,47.0,0.0,0.0,52.0,1.0,5.0,1785.0,104.0,856.0,0.0,0.0,0.0,0.0,73.56747625718366,regular
636942.0,3941.464,0.0,0.0,0.0,3.0,2.0,0.0,0.0,23.0,0.0,0.0,15.0,1.0,5.0,517.0,0.0,39.0,0.0,0.0,0.0,0.0,95.61238482910484,otimo
636943.0,2207.2090000000003,2.0,0.0,0.0,9.0,3.0,0.0,0.0,30.0,0.0,0.0,20.0,1.0,2.0,746.0,0.0,0.0,0.0,0.0,0.0,0.0,86.54442135921704,bom
636944.0,2587.896,24.0,1.0,6.0,47.0,1.0,0.0,0.0,6.0,0.0,0.0,81.0,22.0,20.0,2052.0,2159.0,748.0,0.0,0.0,0.0,0.0,73.93926247214651,regular
636947.0,4738.014999999999,2.0,1.0,0.0,90.0,0.0,0.0,0.0,0.0,0.0,0.0,50.0,5.0,3.0,1766.0,2501.0,0.0,0.0,0.0,0.0,0.0,69.08495580877137,regular
636948.0,5121.457000000001,1.0,0.0,1.0,12.0,450.0,1.0,0.0,8190.0,59.0,0.0,55.0,16.0,20.0,1456.0,1302.0,5207.0,0.0,0.0,0.0,0.0,52.798957600304874,ruim
636949.0,4025.5239999999994,556.0,0.0,0.0,20.0,1.0,0.0,0.0,4.0,0.0,0.0,45.0,0.0,0.0,1727.0,0.0,0.0,0.0,0.0,0.0,0.0,61.60718708053443,regular
636950.0,2203.8050000000003,0.0,0.0,0.0,17.0,2.0,0.0,0.0,23.0,0.0,0.0,25.0,10.0,12.0,1032.0,3750.0,9379.0,0.0,0.0,0.0,0.0,82.02506748651592,bom
636951.0,5051.42,6.0,0.0,1.0,36.0,14.0,0.0,0.0,109.0,0.0,0.0,44.0,11.0,10.0,1761.0,2637.0,1456.0,0.0,0.0,0.0,0.0,83.3172507549823,bom
636953.0,7807.7350000000015,0.0,1.0,1.0,28.0,2.0,0.0,0.0,10.0,0.0,0.0,86.0,30.0,25.0,5701.0,7170.0,8822.0,0.0,0.0,0.0,0.0,73.90297111656945,regular
636955.0,471.213,0.0,0.0,0.0,0.0,0.0,0.0,0.0,0.0,0.0,0.0,2.0,2.0,1.0,332.0,131.0,3.0,0.0,0.0,0.0,0.0,78.67206549904184,regular
636956.0,5902.375,0.0,0.0,0.0,121.0,5.0,0.0,0.0,36.0,0.0,0.0,40.0,18.0,20.0,544.0,1911.0,1836.0,0.0,0.0,0.0,0.0,74.01950104418925,regular
636957.0,6643.801,0.0,2.0,0.0,85.0,3.0,0.0,0.0,21.0,0.0,0.0,42.0,7.0,6.0,958.0,401.0,216.0,0.0,0.0,0.0,0.0,84.66588044058939,bom
636960.0,6815.0599999999995,6.0,0.0,0.0,44.0,0.0,0.0,0.0,0.0,0.0,0.0,33.0,4.0,2.0,1774.0,104.0,104.0,0.0,0.0,0.0,0.0,91.49782798036105,otimo
636961.0,7881.409999999999,61.0,0.0,0.0,135.0,35.0,1.0,0.0,912.0,46.0,0.0,50.0,4.0,10.0,2108.0,0.0,520.0,0.0,0.0,0.0,0.0,76.51062268894125,regular
636962.0,6297.649999999999,58.0,0.0,0.0,3.0,18.0,0.0,0.0,226.0,0.0,0.0,107.0,20.0,21.0,4239.0,249.0,416.0,0.0,0.0,0.0,0.0,72.92857394001989,regular
636963.0,4483.731,0.0,0.0,1.0,21.0,0.0,0.0,0.0,0.0,0.0,0.0,12.0,7.0,9.0,416.0,1871.0,25.0,0.0,0.0,0.0,0.0,92.52281294434825,otimo
636964.0,1510.554,9.0,0.0,1.0,6.0,5.0,0.0,0.0,71.0,0.0,0.0,5.0,2.0,28.0,11.0,0.0,17102.0,0.0,0.0,0.0,0.0,65.84140116269421,regular
636965.0,4459.014,0.0,0.0,0.0,67.0,0.0,0.0,0.0,0.0,0.0,0.0,26.0,15.0,17.0,677.0,3207.0,7806.0,0.0,0.0,0.0,0.0,73.95096482314031,regular
636966.0,7518.545,5.0,1.0,6.0,224.0,2.0,0.0,0.0,8.0,0.0,0.0,25.0,17.0,28.0,728.0,2436.0,5566.0,0.0,0.0,0.0,0.0,65.82995189670194,regular
636967.0,260.661,0.0,0.0,0.0,0.0,0.0,0.0,0.0,0.0,0.0,0.0,15.0,1.0,0.0,19.0,6.0,0.0,0.0,0.0,0.0,0.0,98.41405343771741,otimo
636968.0,4277.303999999999,0.0,0.0,0.0,300.0,0.0,0.0,0.0,0.0,0.0,0.0,21.0,15.0,19.0,520.0,319.0,958.0,0.0,0.0,0.0,0.0,63.99121851121952,regular
636969.0,4817.902999999999,0.0,1.0,5.0,74.0,472.0,4.0,0.0,6266.0,80.0,0.0,78.0,11.0,18.0,6526.0,2915.0,2936.0,0.0,0.0,0.0,0.0,45.05103088485753,ruim
636970.0,2433.079,0.0,0.0,2.0,19.0,16.0,1.0,0.0,143.0,38.0,0.0,51.0,20.0,34.0,2974.0,1551.0,6675.0,7.0,17.0,15.0,2.0,61.04383001971972,regular
636971.0,3067.0330000000004,1.0,0.0,0.0,209.0,0.0,0.0,0.0,0.0,0.0,0.0,89.0,79.0,69.0,4941.0,9346.0,2593.0,0.0,0.0,0.0,0.0,43.074026149345485,ruim
636972.0,3576.3689999999997,0.0,0.0,2.0,75.0,1.0,0.0,0.0,8.0,0.0,0.0,36.0,16.0,16.0,3497.0,1177.0,2033.0,0.0,0.0,0.0,0.0,63.440557296395454,regular
636973.0,5183.8099999999995,0.0,0.0,0.0,5.0,2.0,0.0,0.0,39.0,0.0,0.0,52.0,10.0,7.0,1872.0,1456.0,416.0,0.0,0.0,0.0,0.0,83.52077585774155,bom
636974.0,4369.3550000000005,0.0,0.0,0.0,67.0,19.0,0.0,0.0,228.0,0.0,0.0,80.0,17.0,6.0,2257.0,1045.0,261.0,0.0,0.0,0.0,0.0,62.949766675910745,regular
636975.0,3006.458,0.0,0.0,3.0,33.0,5.0,0.0,0.0,41.0,0.0,0.0,16.0,2.0,4.0,1248.0,832.0,0.0,0.0,0.0,0.0,0.0,81.95292569518544,bom
636976.0,6213.1449999999995,0.0,0.0,0.0,177.0,9.0,0.0,0.0,71.0,0.0,0.0,3.0,1.0,1.0,0.0,0.0,0.0,0.0,0.0,0.0,0.0,87.2770330246649,bom
636977.0,733.2610000000001,0.0,0.0,1.0,82.0,5.0,0.0,0.0,39.0,0.0,0.0,89.0,20.0,44.0,624.0,614.0,790.0,0.0,0.0,0.0,0.0,23.598236290021003,pessimo
636978.0,5093.287999999999,0.0,0.0,0.0,20.0,0.0,0.0,0.0,0.0,0.0,0.0,40.0,20.0,78.0,3134.0,3975.0,40528.0,0.0,0.0,0.0,0.0,74.34441781868668,regular
636979.0,4905.219,6.0,0.0,0.0,10.0,0.0,0.0,0.0,0.0,0.0,0.0,42.0,13.0,12.0,2751.0,1352.0,700.0,0.0,0.0,0.0,0.0,70.79378602658397,regular
636980.0,5506.024,0.0,1.0,1.0,87.0,24.0,0.0,0.0,319.0,0.0,0.0,51.0,6.0,14.0,5467.0,208.0,1040.0,0.0,0.0,0.0,0.0,64.38528256364454,regular
636981.0,3961.5750000000003,3.0,0.0,0.0,12.0,0.0,0.0,0.0,0.0,0.0,0.0,43.0,9.0,4.0,4579.0,1636.0,936.0,0.0,0.0,0.0,0.0,81.84314007058023,bom
636982.0,3077.804,0.0,0.0,2.0,97.0,4.0,0.0,0.0,21.0,0.0,0.0,18.0,4.0,0.0,520.0,416.0,0.0,0.0,0.0,0.0,0.0,78.20888165204104,regular
636983.0,1221.881,7.0,0.0,0.0,3.0,0.0,0.0,0.0,0.0,0.0,0.0,1.0,0.0,0.0,0.0,0.0,0.0,0.0,0.0,0.0,0.0,98.68573892640573,otimo
636984.0,3786.9889999999996,3.0,0.0,2.0,42.0,14.0,0.0,0.0,96.0,0.0,0.0,41.0,12.0,15.0,936.0,1045.0,1040.0,0.0,0.0,0.0,0.0,77.13650149925051,regular
636985.0,5673.863,0.0,0.0,0.0,26.0,33.0,0.0,0.0,378.0,0.0,0.0,19.0,3.0,3.0,1871.0,312.0,311.0,0.0,0.0,0.0,0.0,86.00411534072605,bom
636986.0,6559.9569999999985,0.0,0.0,0.0,19.0,4.0,0.0,0.0,13.0,0.0,0.0,57.0,17.0,21.0,2900.0,4624.0,4402.0,0.0,0.0,0.0,0.0,78.44782712593327,regular
636987.0,5915.514999999999,0.0,0.0,4.0,15.0,75.0,2.0,0.0,867.0,45.0,0.0,25.0,5.0,27.0,416.0,208.0,4263.0,0.0,0.0,0.0,0.0,76.21915100125163,regular
636988.0,5361.33,2.0,0.0,0.0,10.0,0.0,0.0,0.0,0.0,0.0,0.0,113.0,19.0,15.0,4483.0,772.0,1975.0,0.0,0.0,0.0,0.0,59.619026056436496,ruim
636989.0,3353.969,0.0,0.0,1.0,22.0,3.0,0.0,0.0,26.0,0.0,0.0,23.0,19.0,8.0,990.0,2079.0,843.0,0.0,0.0,0.0,0.0,70.67762018755829,regular
636990.0,5076.619999999999,13.0,0.0,0.0,0.0,0.0,0.0,0.0,0.0,0.0,0.0,48.0,4.0,14.0,2502.0,0.0,1456.0,0.0,0.0,0.0,0.0,77.46849611434273,regular
636991.0,6287.449999999999,115.0,0.0,0.0,0.0,2.0,0.0,0.0,17.0,0.0,0.0,39.0,10.0,18.0,520.0,1664.0,1144.0,0.0,0.0,0.0,0.0,77.35196391679128,regular
636992.0,5625.687999999999,0.0,1.0,2.0,92.0,1.0,0.0,0.0,6.0,0.0,0.0,21.0,4.0,20.0,503.0,832.0,2912.0,0.0,0.0,0.0,0.0,67.66934617662213,regular
636993.0,4049.313,0.0,2.0,7.0,28.0,9.0,0.0,0.0,60.0,0.0,0.0,91.0,54.0,155.0,2330.0,6294.0,12022.0,0.0,1.0,64.0,6.0,44.236343746079896,ruim
636994.0,3420.3440000000005,0.0,0.0,0.0,3.0,0.0,0.0,0.0,0.0,0.0,0.0,39.0,13.0,11.0,1567.0,1560.0,1248.0,0.0,0.0,0.0,0.0,70.97368574687495,regular
636995.0,7397.834999999999,1.0,0.0,0.0,1.0,0.0,0.0,0.0,0.0,0.0,0.0,81.0,11.0,16.0,10195.0,2495.0,4215.0,0.0,0.0,0.0,0.0,73.22749268636097,regular
636996.0,2831.073,54.0,0.0,2.0,17.0,1.0,0.0,0.0,11.0,0.0,0.0,42.0,9.0,25.0,910.0,581.0,804.0,0.0,0.0,0.0,0.0,60.11260529208231,regular
636997.0,5277.177,66.0,0.0,0.0,10.0,2.0,0.0,0.0,19.0,0.0,0.0,46.0,13.0,12.0,1138.0,1664.0,7188.0,0.0,0.0,0.0,0.0,70.61312841590966,regular
636998.0,5323.885,5.0,0.0,0.0,59.0,0.0,0.0,0.0,0.0,0.0,0.0,34.0,5.0,11.0,1776.0,1084.0,3202.0,0.0,0.0,0.0,0.0,76.96854169699061,regular
636999.0,5327.448,0.0,0.0,0.0,64.0,0.0,0.0,0.0,0.0,0.0,0.0,24.0,12.0,9.0,728.0,1143.0,852.0,0.0,0.0,0.0,0.0,82.91960246729857,bom
637000.0,5082.846,2.0,0.0,0.0,13.0,0.0,0.0,0.0,0.0,0.0,0.0,77.0,10.0,19.0,11487.0,831.0,1456.0,0.0,0.0,0.0,0.0,66.75729366055249,regular
637001.0,1632.4499999999998,118.0,0.0,0.0,31.0,2.0,0.0,0.0,11.0,0.0,0.0,6.0,1.0,1.0,0.0,0.0,0.0,0.0,0.0,0.0,0.0,74.13911782233237,regular
637002.0,4380.415,1.0,0.0,0.0,0.0,1.0,0.0,0.0,12.0,0.0,0.0,9.0,2.0,32.0,4.0,0.0,16002.0,0.0,0.0,0.0,0.0,84.19005288193254,bom
637003.0,3629.1100000000006,4.0,0.0,0.0,40.0,0.0,0.0,0.0,0.0,0.0,0.0,29.0,4.0,17.0,569.0,739.0,12018.0,0.0,0.0,0.0,0.0,69.48796081337554,regular
637004.0,7037.39,2.0,0.0,0.0,43.0,2.0,0.0,0.0,31.0,0.0,0.0,30.0,26.0,59.0,283.0,4927.0,36958.0,0.0,0.0,0.0,0.0,75.28066660787731,regular
637005.0,4068.770000000001,2.0,0.0,0.0,36.0,2.0,0.0,0.0,19.0,0.0,0.0,17.0,13.0,29.0,31.0,363.0,23310.0,0.0,0.0,0.0,0.0,77.45682273691025,regular
637006.0,4946.799,0.0,0.0,2.0,49.0,4.0,0.0,0.0,26.0,0.0,0.0,9.0,5.0,5.0,312.0,208.0,104.0,0.0,0.0,0.0,0.0,87.9422506115398,bom
637007.0,3639.741,2.0,0.0,0.0,13.0,8.0,0.0,0.0,103.0,0.0,0.0,16.0,6.0,2.0,209.0,416.0,0.0,0.0,0.0,0.0,0.0,90.19072115163941,otimo
637008.0,4473.734,2.0,0.0,0.0,3.0,4.0,0.0,0.0,57.0,0.0,0.0,35.0,15.0,15.0,636.0,1078.0,4372.0,0.0,0.0,0.0,0.0,86.02105031770843,bom
637009.0,4704.119000000001,6.0,0.0,0.0,57.0,20.0,0.0,0.0,125.0,0.0,0.0,19.0,12.0,8.0,0.0,1768.0,1144.0,0.0,0.0,0.0,0.0,80.60317551847609,bom
637010.0,6897.195,1.0,0.0,0.0,86.0,0.0,0.0,0.0,0.0,0.0,0.0,36.0,19.0,9.0,520.0,3137.0,4159.0,0.0,0.0,0.0,0.0,70.33364914642253,regular
637012.0,3986.7480000000005,0.0,3.0,0.0,18.0,0.0,0.0,0.0,0.0,0.0,0.0,10.0,4.0,25.0,624.0,0.0,12750.0,0.0,0.0,0.0,0.0,82.52720094741645,bom
637013.0,38.79,0.0,0.0,0.0,1.0,0.0,0.0,0.0,0.0,0.0,0.0,0.0,0.0,0.0,0.0,0.0,0.0,0.0,0.0,0.0,0.0,84.53209590100542,bom
637014.0,10131.359999999999,0.0,0.0,0.0,14.0,24.0,0.0,0.0,118.0,0.0,0.0,113.0,27.0,40.0,4163.0,2286.0,2203.0,0.0,0.0,0.0,0.0,76.17957718171317,regular
637015.0,5634.317,0.0,0.0,1.0,12.0,1.0,0.0,0.0,9.0,0.0,0.0,97.0,34.0,38.0,2571.0,2883.0,1698.0,0.0,51.0,6.0,1.0,67.42994553338427,regular
637016.0,2879.409,0.0,0.0,3.0,8.0,1.0,0.0,0.0,5.0,0.0,0.0,95.0,24.0,20.0,3541.0,732.0,2114.0,0.0,0.0,0.0,0.0,64.48792665965283,regular
637017.0,7376.58,567.0,0.0,0.0,0.0,2.0,0.0,0.0,14.0,0.0,0.0,46.0,16.0,16.0,2392.0,936.0,1040.0,0.0,0.0,0.0,0.0,64.60205109898276,regular
637018.0,2606.955,7.0,0.0,0.0,5.0,18.0,0.0,0.0,123.0,0.0,0.0,64.0,21.0,23.0,1842.0,1382.0,1105.0,0.0,0.0,0.0,0.0,64.40416152261727,regular
637019.0,2802.1850000000004,20.0,0.0,1.0,21.0,39.0,0.0,0.0,308.0,0.0,0.0,99.0,25.0,24.0,2565.0,543.0,311.0,0.0,0.0,0.0,0.0,62.73386519930459,regular
637020.0,3593.414,0.0,0.0,0.0,2.0,2.0,0.0,0.0,25.0,0.0,0.0,15.0,1.0,16.0,728.0,0.0,11023.0,0.0,0.0,0.0,0.0,77.26623808165793,regular
637021.0,2088.216,6.0,0.0,0.0,16.0,57.0,0.0,0.0,1614.0,0.0,0.0,31.0,4.0,15.0,4059.0,160.0,8543.0,0.0,0.0,0.0,0.0,70.02103230780182,regular
637022.0,5745.885,2.0,0.0,0.0,30.0,8.0,0.0,0.0,30.0,0.0,0.0,113.0,37.0,37.0,3920.0,1618.0,3256.0,0.0,0.0,0.0,0.0,66.85918901705303,regular
637025.0,2459.544,0.0,0.0,2.0,49.0,0.0,0.0,0.0,0.0,0.0,0.0,31.0,3.0,2.0,415.0,95.0,84.0,0.0,0.0,0.0,0.0,79.55915175260967,regular
637026.0,3388.5080000000003,0.0,0.0,0.0,32.0,0.0,0.0,0.0,0.0,0.0,0.0,47.0,3.0,9.0,2399.0,547.0,208.0,0.0,0.0,0.0,0.0,69.4384179394408,regular
637027.0,1362.315,0.0,0.0,0.0,26.0,3.0,1.0,0.0,34.0,34.0,0.0,8.0,0.0,0.0,520.0,0.0,0.0,0.0,0.0,0.0,0.0,75.47305135420451,regular
637028.0,5920.358,27.0,0.0,6.0,26.0,3.0,0.0,0.0,8.0,0.0,0.0,66.0,15.0,20.0,711.0,428.0,666.0,0.0,0.0,0.0,0.0,79.47691434025293,regular
637029.0,6399.865000000002,40.0,0.0,2.0,14.0,4.0,0.0,0.0,28.0,0.0,0.0,29.0,9.0,23.0,1338.0,1039.0,14323.0,0.0,0.0,0.0,0.0,79.07853059556066,regular
637030.0,4362.058000000001,14.0,0.0,0.0,22.0,3.0,0.0,0.0,35.0,0.0,0.0,14.0,5.0,28.0,1503.0,322.0,14515.0,0.0,0.0,0.0,0.0,77.77607848240088,regular
637031.0,553.4340000000001,9.0,0.0,0.0,1.0,0.0,0.0,0.0,0.0,0.0,0.0,0.0,0.0,0.0,0.0,0.0,0.0,0.0,0.0,0.0,0.0,97.58241579280235,otimo
637032.0,6473.86,4.0,1.0,0.0,149.0,44.0,0.0,0.0,447.0,0.0,0.0,61.0,2.0,9.0,988.0,104.0,208.0,0.0,0.0,0.0,0.0,74.11176411420459,regular
637033.0,5734.794999999999,0.0,0.0,0.0,8.0,0.0,0.0,0.0,0.0,0.0,0.0,13.0,5.0,8.0,576.0,104.0,899.0,0.0,0.0,0.0,0.0,89.9334539521985,bom
637034.0,6860.9400000000005,9.0,0.0,0.0,64.0,2.0,0.0,0.0,8.0,0.0,0.0,50.0,4.0,5.0,4472.0,104.0,312.0,0.0,0.0,0.0,0.0,72.84728049164018,regular
637035.0,4460.152,0.0,0.0,0.0,8.0,0.0,0.0,0.0,0.0,0.0,0.0,60.0,9.0,17.0,1880.0,218.0,104.0,0.0,0.0,0.0,0.0,87.34601483708305,bom
637037.0,3349.777,11.0,0.0,0.0,5.0,0.0,0.0,0.0,0.0,0.0,0.0,16.0,5.0,0.0,1282.0,1872.0,0.0,0.0,0.0,0.0,0.0,83.08536176970112,bom
637038.0,271.996,31.0,0.0,0.0,0.0,0.0,0.0,0.0,0.0,0.0,0.0,0.0,0.0,0.0,0.0,0.0,0.0,0.0,0.0,0.0,0.0,90.78229930363759,otimo
637039.0,8280.104000000001,12.0,0.0,2.0,9.0,0.0,0.0,0.0,0.0,0.0,0.0,123.0,34.0,42.0,3691.0,2351.0,1480.0,0.0,0.0,0.0,0.0,72.10877223723008,regular
637040.0,4403.744,1.0,0.0,0.0,2.0,19.0,0.0,0.0,181.0,0.0,0.0,26.0,8.0,12.0,773.0,1040.0,0.0,0.0,0.0,0.0,0.0,90.76926508961469,otimo
637041.0,5388.575,11.0,0.0,1.0,15.0,37.0,1.0,0.0,366.0,29.0,0.0,95.0,18.0,41.0,2233.0,710.0,691.0,0.0,0.0,0.0,0.0,71.27838666389184,regular
637042.0,5485.425,496.0,0.0,0.0,18.0,3.0,0.0,0.0,22.0,0.0,0.0,92.0,17.0,45.0,3080.0,771.0,1867.0,0.0,0.0,0.0,0.0,52.96142111027833,ruim
637043.0,6756.273999999999,16.0,0.0,0.0,37.0,11.0,0.0,0.0,81.0,0.0,0.0,54.0,9.0,16.0,1905.0,737.0,2911.0,0.0,0.0,0.0,0.0,84.07299702698937,bom
637044.0,5324.790999999999,28.0,0.0,0.0,26.0,3.0,0.0,0.0,11.0,0.0,0.0,71.0,7.0,7.0,3923.0,1129.0,176.0,0.0,0.0,0.0,0.0,66.52050357345216,regular
637045.0,4546.745,2.0,0.0,0.0,11.0,0.0,0.0,0.0,0.0,0.0,0.0,29.0,12.0,2.0,2503.0,7176.0,0.0,0.0,0.0,0.0,0.0,83.28988630143584,bom
637046.0,4416.773,2272.0,0.0,1.0,34.0,0.0,0.0,0.0,0.0,0.0,0.0,89.0,23.0,26.0,3008.0,2072.0,963.0,0.0,0.0,0.0,0.0,46.908546767454524,ruim
637047.0,4988.764,1.0,1.0,0.0,85.0,15.0,0.0,0.0,100.0,0.0,0.0,48.0,2.0,7.0,2069.0,0.0,728.0,0.0,0.0,0.0,0.0,70.85203863458004,regular
638152.0,246.998,0.0,0.0,0.0,0.0,1.0,0.0,0.0,5.0,0.0,0.0,11.0,3.0,0.0,163.0,232.0,0.0,0.0,0.0,0.0,0.0,87.41211566422278,bom
639825.0,564.9599999999999,0.0,0.0,0.0,0.0,0.0,0.0,0.0,0.0,0.0,0.0,19.0,0.0,1.0,520.0,0.0,0.0,0.0,0.0,0.0,0.0,70.23204399009845,regular
639826.0,479.79499999999996,6.0,0.0,0.0,0.0,1.0,0.0,0.0,7.0,0.0,0.0,0.0,0.0,1.0,0.0,0.0,0.0,0.0,0.0,0.0,0.0,99.87338305725618,otimo
640120.0,37.632,0.0,0.0,0.0,1.0,0.0,0.0,0.0,0.0,0.0,0.0,0.0,0.0,0.0,0.0,0.0,0.0,0.0,0.0,0.0,0.0,95.0,otimo
641542.0,3613.008,0.0,0.0,0.0,7.0,0.0,0.0,0.0,0.0,0.0,0.0,47.0,17.0,37.0,8668.0,4888.0,14603.0,0.0,0.0,0.0,0.0,74.76022050448778,regular
641810.0,2242.7889999999998,0.0,0.0,0.0,5.0,0.0,0.0,0.0,0.0,0.0,0.0,33.0,8.0,2.0,809.0,895.0,0.0,0.0,0.0,0.0,0.0,75.33883714187293,regular
